updated 8/28/13,,,,,
,"This information is being made available to facilitate the sharing of the quality, improved data that the Center for Responsive Politics works hard to provide.   Should you find this information useful, please consider supporting the work of the Center with a donation:  http://opensecrets.org/donate/  Whether you use this information to provide relevant links to our web site, www.OpenSecrets.org , or to use CRP's APIs, available at www.OpenSecrets.org/resources/create/apis.php , please make sure to credit the Center for Responsive Politics and/or OpenSecrets.org.  And remember, Federal law prohibits the use of contributor information for the purpose of soliciting contributions or for any commercial purpose.",,,,
,,,,,
,,,,,
,,,,,
CID,CRPName,Party,DistIDRunFor,FECCandID,
N00035217,"Abbott, Richard Allen IV",D,MI03,H4MI03201,
N00035490,"Abeler, Jim",R,MNS1,S4MN00353,
N00035451,"Adams, Alma",D,NC12,H4NC12100,
N00035446,"Adams, Danielle",D,NC06,H4NC06078,
N00035389,"Adams, Steve",R,CA41,H4CA41120,
N00003028,"Aderholt, Robert B",R,AL04,H6AL04098,
N00009888,"Alexander, Lamar",R,TNS2,S2TN00058,
N00025464,"Alexander, Rodney",R,LA05,H2LA05084,
N00031938,"Amash, Justin",R,MI03,H0MI03126,
N00031177,"Amodei, Mark",R,NV02,H2NV02395,
N00035400,"Andel, Ellen",R,FL18,H4FL18050,
N00035408,"Anderson, Ikaika",D,HI01,H4HI01118,
N00035343,"Anderson, Quentin",D,LA06,H4LA06070,
N00000826,"Andrews, Robert E",D,NJ01,H0NJ01066,
N00035414,"Appel, Staci",D,IA03,H4IA03065,
N00035297,"Arkoosh, Val",D,PA13,H4PA13165,
N00034703,"Armstrong, Brandon Christina",I,SCS2,S4SC00232,
N00035259,"Arterburn, Tony Edward Jr",R,TX04,H4TX04120,
N00034426,"Assad, Mike",R,NJ02,H2NJ02128,
N00007089,"Baca, Joe",D,CA35,H6CA42099,
N00027493,"Bachmann, Michele",R,MN06,H6MN06074,
N00008091,"Bachus, Spencer",R,AL06,H2AL06035,
N00035528,"Bailey, Bill",D,IN09,H4IN09072,
N00035345,"Balkema, Chris",R,IL11,H4IL11203,
N00033981,"Barber, Ron",D,AZ02,H2AZ08094,
N00035310,"Barfield, Jonathan",D,NC07,H4NC07068,
N00025495,"Barletta, Lou",R,PA11,H2PA11098,
N00034885,"Barnhart, Scott J",I,KS02,S4KS00119,
N00031233,"Barr, Andy",R,KY06,H0KY06104,
N00002526,"Barr, Bob",R,GA11,H4GA11053,
N00026080,"Barrow, John",D,GA12,H4GA12010,
N00005656,"Barton, Joe",R,TX06,H4TX06117,
N00031877,"Bass, Karen",D,CA37,H0CA33117,
N00035448,"Battle, George III",D,NC12,H4NC12076,
N00035475,"Baumgardner, Randy",R,COS2,S4CO00346,
N00035341,"Bayne, Ian L",R,IL11,H4IL11211,
N00035225,"Beale, Anthony A",D,IL02,H4IL02178,
N00033904,"Beatty, Joyce",D,OH03,H2OH03125,
N00009774,"Becerra, Xavier",D,CA34,H2CA30143,
N00032702,"Becker, Francis X Jr",R,NY04,H0NY04099,
N00029901,"Begich, Mark",D,AKS1,S8AK00090,
N00031934,"Benishek, Dan",R,MI01,H0MI01088,
N00035438,"Benson, Mike",R,MN01,H4MN01153,
N00033625,"Bentivolio, Kerry",R,MI11,H2MI11133,
N00030717,"Bera, Ami",D,CA07,H0CA03078,
N00035538,"Bevin, Matt",R,KYS1,S4KY00109,
N00035303,"Bey, Curtiss",I,IL02,H4IL02327,
N00031747,"Bielat, Sean",R,MAS2,S4MA00192,
N00027462,"Bilirakis, Gus",R,FL12,H6FL09070,
N00025292,"Bishop, Rob",R,UT01,H2UT01094,
N00002674,"Bishop, Sanford",D,GA02,H2GA02031,
N00025413,"Bishop, Timothy H",D,NY01,H2NY01067,
N00031539,"Black, Diane",R,TN06,H0TN06257,
N00003105,"Blackburn, Marsha",R,TN07,H2TN06030,
N00032969,"Blandford, Keith",R,SC01,H0SC01352,
N00033744,"Blum, Rod",R,IA01,H2IA01055,
N00007727,"Blumenauer, Earl",D,OR03,H6OR03064,
N00028608,"Blyth, John",D,IL02,H4IL02244,
N00029161,"Boccieri, John A",D,OH07,H8OH16058,
N00003675,"Boehner, John",R,OH08,H0OH08029,
N00035466,"Bolger, Richard",D,VA10,H4VA10063,
N00033474,"Bonamici, Suzanne",D,OR01,H2OR01133,
N00033342,"Bongino, Dan",R,MD06,H4MD06191,
N00035398,"Bonilla, Jorge",R,FL09,H4FL09109,
N00025330,"Bonner, Jo",R,AL01,H2AL01077,
N00035267,"Booker, Cory",D,NJS2,S4NJ00185,
N00024866,"Bordallo, Madeleine Z",D,GU00,H2GU00033,
N00035420,"Bost, Mike",R,IL12,H4IL12060,
N00035244,"Bostic, Curtis",R,SC01,H4SC00018,
N00035500,"Bosworth, Annette",R,SDS2,S4SD00064,
N00026595,"Boustany, Charles W Jr",R,LA03,H4LA07029,
N00035465,"Bowden, Craig",I,UT01,H4UT01108,
N00035307,"Boyle, Brendan",D,PA13,H4PA13199,
N00005883,"Brady, Kevin",R,TX08,H6TX08100,
N00001619,"Brady, Robert A",D,PA01,H8PA01153,
N00027464,"Braley, Bruce",D,IAS2,S4IA00087,
N00035365,"Brandon, Marcus",D,NC12,H4NC12050,
N00035371,"Brannon, Greg",R,NCS1,S4NC00147,
N00033532,"Bridenstine, James",R,OK01,H2OK01143,
N00035322,"Brikho, George",R,MI09,H4MI09075,
N00030910,"Brooks, Mo",R,AL05,H0AL05163,
N00033495,"Brooks, Susan",R,IN05,H2IN05082,
N00028986,"Broun, Paul",R,GAS1,S6GA00101,
N00002713,"Brown, Corrine",D,FL05,H2FL03056,
N00034254,"Brownley, Julia",D,CA26,H2CA00120,
N00035275,"Brownsberger, Will",D,MA05,H4MA05076,
N00035231,"Brutus, Otto Patrick",D,IL02,H4IL02269,
N00035251,"Bryant, Ric",R,SC01,H4SC01198,
N00027626,"Buchanan, Vernon",R,FL16,H6FL13148,
N00031227,"Bucshon, Larry",R,IN08,H0IN08114,
N00025219,"Burgess, Michael",R,TX26,H2TX26093,
N00035249,"Busch, Elizabeth Colbert",D,SC01,H4SC01172,
N00035518,"Bussler, Jim",R,MI06,H4MI06113,
N00033390,"Bustos, Cheri",D,IL17,H2IL17071,
N00027035,"Butterfield, G K",D,NC01,H4NC01046,
N00035380,"Byrne, Bradle",R,AL01,H4AL01123,
N00035436,"Byrnes, Pam",D,MI07,H4MI07178,
N00035433,"Cain, Emily",D,ME02,H4ME02200,
N00033255,"Callahan, Mark",R,ORS1,S4OR00172,
N00035362,"Callis, Ann",D,IL13,H4IL13175,
N00007099,"Calvert, Ken",R,CA42,H2CA37023,
N00008086,"Camp, Dave",R,MI04,H0MI10071,
N00027565,"Campbell, John",R,CA45,H6CA48039,
N00035515,"Cannon, Jerry",D,MI01,H4MI01114,
N00013131,"Cantor, Eric",R,VA07,H0VA07042,
N00009771,"Capito, Shelley Moore",R,WVS2,S4WV00159,
N00007232,"Capps, Lois",D,CA24,H8CA22089,
N00000267,"Capuano, Michael E",D,MA07,H8MA08071,
N00033373,"Cardenas, Tony",D,CA29,H2CA28113,
N00030736,"Carney, John",D,DE01,H0DE01017,
N00035287,"Carr, Joe",R,TN04,H4TN04130,
N00029513,"Carson, Andre",D,IN07,H8IN07184,
N00035346,"Carter, Buddy",R,GA01,H4GA01039,
N00002659,"Carter, Darwin",R,GA01,H4GA01088,
N00025095,"Carter, John",R,TX31,H2TX31044,
N00034128,"Cartwright, Matt",D,PA17,H2PA17079,
N00035325,"Casey, Nick",D,WV02,H4WV02072,
N00030754,"Cash, Richard J",R,SCS1,S4SC00265,
N00030245,"Cassidy, Bill",R,LAS1,S4LA00107,
N00027514,"Castor, Kathy",D,FL14,H6FL11126,
N00033316,"Castro, Joaquin",D,TX20,H2TX35011,
N00003689,"Chabot, Steve",R,OH01,H8OH01043,
N00028958,"Chaffetz, Jason",R,UT03,H8UT03089,
N00035224,"Chang, Stanley",D,HI01,H4HI01100,
N00035406,"Chapman, Jeff",R,GA01,H4GA01070,
N00035504,"Cheney, Liz",R,WYS2,S4WY00089,
N00035387,"Chew, Robin Leo",R,CA18,H4CA18060,
N00035326,"Cho, Roy",D,NJ05,H4NJ05135,
N00033246,"Choi, Jun",D,NJ06,H2NJ07168,
N00000133,"Christian-Christensen, Donna",D,VI00,H4VI00054,
N00030600,"Chu, Judy",D,CA27,H0CA32101,
N00032019,"Cicilline, David",D,RI01,H0RI01073,
N00035278,"Clark, Katherine",D,MA05,H4MA05084,
N00026961,"Clarke, Yvette D",D,NY09,H4NY11138,
N00012460,"Clay, William L Jr",D,MO01,H0MO01066,
N00026790,"Cleaver, Emanuel",D,MO05,H4MO05234,
N00035306,"Clemens, Peter",D,UT01,H4UT01090,
N00035238,"Clements, Paul Colin",D,MI06,H4MI06105,
N00035482,"Clovis, Sam",R,IAS2,S4IA00111,
N00002408,"Clyburn, James E",D,SC06,H2SC02042,
N00002247,"Coble, Howard",R,NC06,H4NC06011,
N00035426,"Coblenz, Michael",D,KY06,H4KY06148,
N00003328,"Cochran, Thad",R,MSS1,S8MS00055,
N00024753,"Coffman, Mike",R,CO06,H8CO06138,
N00015884,"Cohen, Mark",D,PA13,H8PA04025,
N00003225,"Cohen, Steve",D,TN09,H6TN09068,
N00025726,"Cole, Tom",R,OK04,H2OK04055,
N00001285,"Collins, Chris",R,NY27,H8NY29032,
N00033518,"Collins, Doug",R,GA09,H2GA09150,
N00035370,"Collins, Mike",R,GA10,H4GA10071,
N00000491,"Collins, Susan M",R,MES2,S6ME00159,
N00035536,"Colon, Henry",R,FL21,H4FL21062,
N00026041,"Conaway, Mike",R,TX11,H4TX19136,
N00035348,"Condley, Kerri",D,CA42,H4CA42060,
N00029891,"Connolly, Gerry",D,VA11,H8VA11062,
N00004029,"Conyers, John Jr",D,MI13,H6MI01028,
N00034224,"Cook, Paul",R,CA08,H2CA08164,
N00035430,"Coombes, Mike",L,MA05,H4MA05118,
N00003132,"Cooper, Jim",D,TN05,H2TN05131,
N00035056,"Corey, Matthew",R,CT01,H2CT01189,
N00024852,"Cornyn, John",R,TXS1,S2TX00106,
N00026341,"Costa, Jim",D,CA16,H4CA20082,
N00033363,"Cotton, Tom",R,ARS1,S4AR00103,
N00024842,"Courtney, Joe",D,CT02,H2CT02112,
N00035208,"Cox, David",D,FL06,H4FL06022,
N00028137,"Coyne, John F III",D,GAS1,S4GA11202,
N00035220,"Coyne, Paul H Jr",D,CA24,H4CA24134,
N00035439,"Craft, Tom",D,MN02,H4MN02128,
N00004614,"Cramer, Kevin",R,ND01,H0ND01026,
N00030770,"Crawford, Rick",R,AR01,H0AR01083,
N00012739,"Crenshaw, Ander ",R,FL04,H0FL04066,
N00025648,"Crim, Larry R",D,TNS2,S2TN00223,
N00001127,"Crowley, Joseph",D,NY14,H8NY07046,
N00024978,"Cuellar, Henry",D,TX28,H2TX23082,
N00009738,"Culberson, John",R,TX07,H0TX07055,
N00001971,"Cummings, Elijah E",D,MD07,H6MD07160,
N00035403,"Curbelo, Carlos",R,FL26,H4FL26038,
N00033054,"Daines, Steven",R,MT01,H2MT01060,
N00035411,"Dandekar, Swati",D,IA01,H4IA01093,
N00004884,"Davis, Danny K",D,IL07,H4IL07037,
N00034784,"Davis, Rodney",R,IL13,H2IL13120,
N00035321,"Davis, Susan",R,GA11,H4GA11046,
N00009604,"Davis, Susan A",D,CA53,H0CA49055,
N00033328,"Day, Tim",D,TX14,H2TX14107,
N00007781,"DeFazio, Peter",D,OR04,H6OR04047,
N00033168,"Defranco, Marisa",D,MA06,H4MA06108,
N00006134,"DeGette, Diana",D,CO01,H6CO01141,
N00035415,"Delacerda, Gabriel",D,IA03,H4IA03073,
N00033897,"Delaney, John K",D,MD06,H2MD06195,
N00000615,"DeLauro, Rosa L",D,CT03,H0CT03072,
N00030693,"DelBene, Suzan",D,WA01,H0WA08046,
N00035392,"Demaio, Carl",R,CA52,H4CA52051,
N00031593,"Denham, Jeff",R,CA10,H0CA19173,
N00026171,"Dent, Charlie",R,PA15,H4PA15087,
N00035222,"Denton, James F Jr",R,FL12,H4FL12061,
N00035539,"Depasquale, Robert",I,NJS2,S4NJ00268,
N00034746,"DeSantis, Ron",R,FL06,H2FL00292,
N00030957,"Desjarlais, Scott",R,TN04,H0TN04195,
N00031317,"Deutch, Ted",D,FL21,H0FL19080,
N00025337,"Diaz-Balart, Mario",R,FL25,H2FL25018,
N00035375,"Dietz, Matt",R,PA17,H4PA17117,
N00035374,"Dietzel, Paul",R,LA06,H4LA06088,
N00034429,"Dilan, Erik Martin",D,NY07,H2NY12148,
N00001783,"Dingell, John D",D,MI12,H6MI16034,
N00006023,"Doggett, Lloyd",D,TX35,H4TX10028,
N00035401,"Domino, Carl",R,FL18,H4FL18068,
N00035272,"Douglas, John F",R,GA10,H4GA10048,
N00001373,"Doyle, Mike",D,PA14,H4PA18131,
N00033881,"Drummond, William ""Cleave"" II",3,FL02,H2FL01209,
N00027860,"Duckworth, Tammy",D,IL08,H6IL06141,
N00030967,"Duffy, Sean P",R,WI07,H0WI07051,
N00035294,"Duke, Greg",R,GA02,H4GA02060,
N00030752,"Duncan, Jeff",R,SC03,H0SC03077,
N00003209,"Duncan, John J Jr",R,TN02,H8TN02069,
N00035242,"Dunec, Mark S",D,NJ11,H4NJ11091,
N00035260,"Dunn, Matt",D,WV02,H4WV02064,
N00004981,"Durbin, Dick",D,ILS1,S6IL00151,
N00035221,"Eagleton, Clifford J",D,IL02,H4IL02202,
N00035519,"Earle, Beverly",D,NC12,H4NC12118,
N00035496,"Eck, Alieta",R,NJS2,S4NJ00235,
N00035299,"Eckles, Shawn",I,NC09,H4NC09130,
N00035315,"Edmunds, Champ",R,MTS2,S4MT00092,
N00028249,"Edwards, Donna",D,MD04,H6MD04183,
N00035313,"Eggman, Michael",D,CA10,H4CA10075,
N00035235,"Eidenberg, Alexandra",D,IL04,H4IL04083,
N00035335,"Elder, Bruce",D,VA06,H4VA06012,
N00035243,"Eldridge, Sean",D,NY19,H4NY19115,
N00028257,"Ellison, Keith",D,MN05,H6MN05183,
N00031513,"Ellmers, Renee",R,NC02,H0NC02059,
N00035266,"Embler, Terry",R,NCS1,S4NC00139,
N00031194,"Emken, Elizabeth",R,CA07,H0CA11352,
N00035440,"Emmer, Tom",R,MN06,H4MN06087,
N00035453,"Endean-Singh, Leslie",D,NM02,H4NM02064,
N00001003,"Engel, Eliot L",D,NY16,H8NY19058,
N00035402,"Enright, Jean",D,FL20,H4FL20056,
N00035309,"Enyart, Douglas",3,MO08,H4MO08188,
N00034884,"Enyart, William",D,IL12,H2IL12122,
N00006249,"Enzi, Mike",R,WYS2,S6WY00126,
N00035483,"Ernst, Joni",R,IAS2,S4IA00129,
N00007335,"Eshoo, Anna",D,CA18,H8CA12098,
N00035409,"Espero, Will",D,HI01,H4HI01126,
N00033217,"Esty, Elizabeth",D,CT05,H2CT05131,
N00035219,"Etienne, Michael A",D,FL24,H4FL24017,
N00007632,"Faleomavaega, Eni F H",D,AS00,H0AS00018,
N00035462,"Faparusi, Yomi",R,TN04,H4TN04155,
N00031672,"Farenthold, Blake",R,TX27,H0TX27061,
N00007312,"Farr, Sam",D,CA20,H4CA17021,
N00001746,"Fattah, Chaka",D,PA02,H2PA02055,
N00035423,"Fecteau, Brian",R,IN07,H4IN07134,
N00035230,"Fenton, Ernest B",D,IL02,H4IL02251,
N00035382,"Fincher, Chad",R,AL01,H4AL01149,
N00031141,"Fincher, Steve",R,TN08,H0TN08246,
N00027229,"Fitzpatrick, Michael G",R,PA08,H4PA08074,
N00035522,"Fjeld, Laura",D,NC06,H4NC06086,
N00030815,"Fleischmann, Chuck",R,TN03,H0TN03254,
N00029679,"Fleming, John",R,LA04,H8LA04225,
N00031545,"Flores, Bill",R,TX17,H0TX17104,
N00013799,"Forbes, Randy",R,VA04,H2VA04052,
N00026631,"Fortenberry, Jeff",R,NE01,H4NE01064,
N00029139,"Foster, Bill",D,IL11,H8IL14067,
N00026166,"Foxx, Virginia",R,NC05,H4NC05146,
N00002893,"Frankel, Lois J",D,FL22,H2FL14053,
N00029016,"Franken, Al",D,MNS1,S8MN00438,
N00006423,"Franks, Trent",R,AZ08,H4AZ04024,
N00035223,"Freeman, April",D,FL19,H4FL19058,
N00000684,"Frelinghuysen, Rodney",R,NJ11,H2NJ05014,
N00030490,"Fudge, Marcia L",D,OH11,H8OH11141,
N00033281,"Gabbard, Tulsi",D,HI02,H2HI02508,
N00033541,"Gallego, Pete",D,TX23,H2TX23124,
N00035324,"Gamble, Venice Jaymes II",D,CA29,H4CA29125,
N00030856,"Garamendi, John",D,CA03,H0CA10149,
N00029908,"Garcia, Joe",D,FL26,H8FL25015,
N00035548,"Garcia, Juan",R,FL23,H4FL23076,
N00030780,"Gardner, Cory",R,CO04,H0CO04122,
N00035437,"Garrett, Mykale",D,MI14,H4MI14125,
N00000743,"Garrett, Scott",R,NJ05,H8NJ05052,
N00035457,"Garrison, Jennifer",D,OH06,H4OH06074,
N00035525,"Geddes, Gerald",R,VA11,H4VA11079,
N00035357,"George, Robert Wilburn",I,MO08,H4MO08204,
N00025025,"Gerlach, Jim",R,PA06,H2PA06114,
N00035376,"Gerrard, Gary",R,GA10,H4GA10063,
N00031128,"Gibbs, Bob",R,OH07,H0OH18077,
N00031998,"Gibson, Chris",R,NY19,H0NY20095,
N00035546,"Gilbert, Joe",R,NY21,H4NY21087,
N00024760,"Gingrey, Phil",R,GAS1,S2GA00100,
N00035202,"Glover, Kevin",D,MI01,H2MI01134,
N00026182,"Goberman, Pavel",3,ORS1,S4OR00065,
N00026148,"Gohmert, Louis B Jr",R,TX01,H4TX04039,
N00035422,"Gollin, George",D,IL13,H4IL13209,
N00035276,"Gomez, Gabriel",R,MAS2,S4MA00184,
N00009154,"Goodlatte, Bob",R,VA06,H2VA06115,
N00030993,"Goodwin, Loraine",D,CA16,H0CA19132,
N00030771,"Gosar, Paul",R,AZ04,H0AZ01259,
N00035458,"Gottesman, Russ",D,OH10,H4OH10142,
N00030880,"Gowdy, Trey",R,SC04,H0SC04257,
N00009975,"Graham, Lindsey",R,SCS2,S0SC00149,
N00035449,"Graham, Malcolm",D,NC12,H4NC12084,
N00008799,"Granger, Kay",R,TX12,H6TX12060,
N00035530,"Grant, Heather",R,NCS1,S4NC00170,
N00013323,"Graves, Sam",R,MO06,H0MO06073,
N00030788,"Graves, Tom",R,GA14,H0GA09030,
N00028418,"Grayson, Alan",D,FL09,H6FL08213,
N00035476,"Grayson, Derrick",R,GAS1,S4GA11236,
N00026686,"Green, Al",D,TX09,H4TX09095,
N00005870,"Green, Gene",D,TX29,H2TX29030,
N00009743,"Greene, Mark",D,TX12,H0TX12147,
N00031297,"Griffin, Tim",R,AR02,H0AR02107,
N00032029,"Griffith, Morgan",R,VA09,H0VA09055,
N00035385,"Griffith, Wells",R,AL01,H4AL01172,
N00025284,"Grijalva, Raul M",D,AZ03,H2AZ07070,
N00035486,"Grimes, Alison",D,KYS1,S4KY00091,
N00031401,"Grimm, Michael",R,NY11,H0NY13074,
N00029400,"Grisham, Michelle Lujan",D,NM01,H8NM01257,
N00012492,"Grooms, Larry",R,SC01,H0SC01105,
N00032386,"Guild, Tom",D,OK05,H0OK05155,
N00029675,"Guthrie, Brett",R,KY02,H8KY02031,
N00004874,"Gutierrez, Luis V",D,IL04,H2IL08039,
N00029617,"Hagan, Kay R",D,NCS1,S8NC00239,
N00006806,"Hahn, Janice",D,CA44,H8CA36097,
N00035197,"Hall, Heidi",D,CA01,H4CA01066,
N00035384,"Hall, James",I,AL01,H4AL01164,
N00005645,"Hall, Ralph M",R,TX04,H0TX04037,
N00035395,"Halter, Irving Jr",D,CO05,H4CO05055,
N00035461,"Halvorson, Art",R,PA09,H4PA09056,
N00029377,"Halvorson, Deborah",D,IL02,H8IL11113,
N00025881,"Hanabusa, Colleen",D,HIS1,S4HI00144,
N00035477,"Handel, Karen",R,GAS1,S4GA11244,
N00030197,"Hanna, Richard",R,NY22,H8NY24066,
N00035421,"Harold, Erika",R,IL13,H4IL13191,
N00029632,"Harper, Gregg",R,MS03,H8MS03067,
N00029147,"Harris, Andy",R,MD01,H8MD01094,
N00035491,"Harris, Mark",R,NCS1,S4NC00154,
N00035300,"Harris, Matthew",D,NJ01,H4NJ01076,
N00035201,"Harris, Napoleon B III",D,IL02,H4IL02152,
N00031005,"Hartzler, Vicky",R,MO04,H0MO04086,
N00002884,"Hastings, Alcee L",D,FL20,H2FL23021,
N00009157,"Hastings, Doc",R,WA04,H2WA04041,
N00035228,"Haynes, Gregory",D,IL02,H4IL02228,
N00035356,"Hays, Elaine",R,TX13,H4TX13055,
N00031557,"Heck, Dennis",D,WA10,H0WA03161,
N00031244,"Heck, Joe",R,NV03,H0NV03058,
N00024922,"Hensarling, Jeb",R,TX05,H2TX05121,
N00035319,"Heos, Richard Alfred",3,MAS2,S4MA00226,
N00031559,"Herrera Beutler, Jaime",R,WA03,H0WA03187,
N00032243,"Hice, Jody B",R,GA10,H0GA07125,
N00027060,"Higgins, Brian M",D,NY26,H4NY27076,
N00035474,"Hill, Owen",R,COS2,S4CO00338,
N00035503,"Hill, Shak",R,VAS2,S4VA00148,
N00035379,"Hillyer, Quin",R,AL01,H4AL01115,
N00029070,"Himes, Jim",D,CT04,H8CT04172,
N00006008,"Hinojosa, Ruben",D,TX15,H6TX15055,
N00035312,"Hinz, Janet",I,WI04,H4WI00017,
N00035359,"Hobbs, Rudy",D,MI14,H4MI14117,
N00035298,"Hodges, Steve",D,MO08,H4MO08170,
N00035248,"Hoffman, Jonathan",R,SC01,H4SC01164,
N00033399,"Holding, George",R,NC13,H2NC13110,
N00000860,"Holt, Rush",D,NJ12,H6NJ12144,
N00012611,"Honda, Mike",D,CA17,H0CA15148,
N00033638,"Horsford, Steven",D,NV04,H2NV04011,
N00035279,"Hounshell, Andy",D,OH08,H4OH08047,
N00001821,"Hoyer, Steny H",D,MD05,H2MD05155,
N00033630,"Hudson, Richard",R,NC08,H2NC08185,
N00027649,"Huelskamp, Tim",R,KS01,H6KS01146,
N00033030,"Huffman, Jared",D,CA02,H2CA06259,
N00033426,"Hughes, Andrew",D,WA07,H2WA00049,
N00030673,"Huizenga, Bill",R,MI02,H0MI02094,
N00031104,"Hultgren, Randy",R,IL14,H0IL14080,
N00029258,"Hunter, Duncan D",R,CA50,H8CA52052,
N00031417,"Hurd, Will",R,TX23,H0TX23086,
N00031265,"Hurt, Robert",R,VA05,H0VA05095,
N00035214,"Hutchinson, Toi",D,IL02,H2IL02164,
N00035237,"Imholt, Tim",R,MA03,H4MA03089,
N00005582,"Inhofe, James M",R,OKS2,S4OK00083,
N00035301,"Inman, J Mark",R,MAS2,S4MA00218,
N00013345,"Israel, Steve",D,NY03,H0NY02085,
N00007017,"Issa, Darrell",R,CA49,H0CA48024,
N00005818,"Jackson Lee, Sheila",D,TX18,H4TX18054,
N00035434,"Jackson, Troy",D,ME02,H4ME02218,
N00035381,"James, Jessica",R,AL01,H4AL01131,
N00035472,"Jaramillo, John",R,AKS1,S4AK00198,
N00035342,"Jarvis, B Stefan",R,GA01,H4GA01047,
N00033640,"Jeffries, Hakeem",D,NY08,H2NY10092,
N00035531,"Jenkins, Evan",R,WV03,H4WV03070,
N00029077,"Jenkins, Lynn",R,KS02,H8KS02090,
N00035425,"Jensen, Elisabeth",D,KY06,H4KY06130,
N00032088,"Johnson, Bill",R,OH06,H0OH06189,
N00035404,"Johnson, Bob",R,GA01,H4GA01054,
N00008122,"Johnson, Eddie Bernice",D,TX30,H2TX00015,
N00027848,"Johnson, Hank",D,GA04,H6GA04129,
N00008028,"Johnson, Sam",R,TX03,H2TX03118,
N00035227,"Jonathan, Victor",D,IL02,H4IL02210,
N00031566,"Jones, LeAlan M",3,IL02,H4IL02319,
N00002299,"Jones, Walter B Jr",R,NC03,H2NC01081,
N00027894,"Jordan, Jim",R,OH04,H6OH04082,
N00035393,"Jorgensen, Kirk",R,CA52,H4CA52069,
N00035007,"Joyce, David P",R,OH14,H2OH14064,
N00035412,"Kajtazovic, Anesa",D,IA01,H4IA01101,
N00003522,"Kaptur, Marcy",D,OH09,H2OH09031,
N00031933,"Keating, Bill",D,MA09,H0MA10082,
N00031647,"Kelly, Mike",R,PA03,H0PA03271,
N00035215,"Kelly, Robin",D,IL02,H2IL02172,
N00034044,"Kennedy, Joe III",D,MA04,H2MA04073,
N00033395,"Kildee, Dan",D,MI05,H2MI05119,
N00034453,"Kilmer, Derek",D,WA06,H2WA06129,
N00035205,"Kimber, James",D,CA50,H2CA50166,
N00004403,"Kind, Ron",D,WI03,H6WI03099,
N00035246,"King, Jeff",R,SC01,H4SC01149,
N00025630,"King, Karl",I,ORS1,S4OR00164,
N00001193,"King, Pete",R,NY02,H2NY03089,
N00025237,"King, Steven A",R,IA04,H2IA05072,
N00002656,"Kingston, Jack",R,GAS1,S4GA11210,
N00030667,"Kinzinger, Adam",R,IL16,H0IL11052,
N00029260,"Kirkpatrick, Ann",D,AZ01,H8AZ01104,
N00004436,"Kline, John",R,MN02,H8MN06047,
N00035454,"Kohn, Erin Bilbray",D,NV03,H4NV03084,
N00033080,"Konetchy, Peter",R,MI04,H4MI04100,
N00032568,"Koniz, Gary",3,FL04,H0FL04116,
N00035429,"Koutoujian, Peter",D,MA05,H4MA05100,
N00031092,"Krause, John E",R,FL01,H0FL00023,
N00027496,"Krinkie, Phil",R,MN06,H6MN06108,
N00035349,"Kubba, Sam",D,VA10,H4VA10055,
N00033059,"Kuchar, Frank",R,TX06,H2TX06111,
N00035269,"Kuhn, John",R,SC01,H4SC01131,
N00035274,"Kurzon, Jeff",D,NY07,H4NY07102,
N00030875,"Kuster, Ann Mclane",D,NH02,H0NH02181,
N00031377,"Labrador, Raul",R,ID01,H0ID01253,
N00035355,"Laeke, Abel Gebre",D,CO03,H4CO03233,
N00035264,"Lafley, Stephen",R,COS2,S4CO00312,
N00033987,"LaMalfa, Doug",R,CA01,H2CA02142,
N00028133,"Lamborn, Douglas L",R,CO05,H6CO05159,
N00000898,"Lance, Leonard",R,NJ07,H6NJ12136,
N00035488,"Land, Terri Lynn",R,MIS1,S4MI00363,
N00035021,"Landrieu, Gary",D,LA02,H2LA02107,
N00005395,"Landrieu, Mary L",D,LAS1,S6LA00227,
N00035467,"Lane, Charlotte",R,WV02,H4WV02098,
N00009724,"Langevin, Jim",D,RI02,H0RI02139,
N00031129,"Lankford, James",R,OK05,H0OK05114,
N00035252,"Larkin, Tim",R,SC01,H4SC01206,
N00035271,"Larose, Joe",R,NHS2,S4NH00088,
N00009759,"Larsen, Rick",D,WA02,H0WA02080,
N00000575,"Larson, John B",D,CT01,H8CT01046,
N00004227,"Latham, Tom",R,IA03,H4IA05102,
N00012233,"Latta, Robert E",R,OH05,H8OH05036,
N00035141,"Lavergne, Eugene",3,NJS2,S2NJ00460,
N00035291,"Lawson, Brent",R,TX04,H4TX04138,
N00035314,"Leach, Daylin",D,PA13,H4PA13181,
N00035334,"Leach, Ron",D,KY02,H4KY02089,
N00008046,"Lee, Barbara",D,CA13,H8CA09060,
N00034995,"Lee, Johnny",R,CA19,H4CA19092,
N00035383,"Leflore, Burton",D,AL01,H4AL01156,
N00035368,"Lemasters, Rick",R,WVS2,S4WV00175,
N00034024,"Levene, Allan",R,GA11,H2GA11180,
N00003950,"Levin, Sander",D,MI09,H2MI17023,
N00002577,"Lewis, John",D,GA05,H6GA05217,
N00035059,"Lewis, Marcus",I,IL02,H2IL02156,
N00035295,"Lieberman, Richard",D,LA06,H4LA06062,
N00035364,"Lilienthal, Sal",R,CT05,H4CT05129,
N00035258,"Limehouse, Chip",R,SC01,H4SC01263,
N00035502,"Lind, Howie",R,VAS2,S4VA00130,
N00035328,"Lindsey, Ed",R,GA11,H4GA11079,
N00027239,"Lipinski, Daniel",D,IL03,H4IL03077,
N00000851,"LoBiondo, Frank A",R,NJ02,H2NJ02037,
N00027741,"Loebsack, David",D,IA02,H6IA02146,
N00035413,"Lofgren, Mark",R,IA02,H4IA02042,
N00007479,"Lofgren, Zoe",D,CA19,H4CA16049,
N00035511,"Lonegan, Steve",R,NJS2,S4NJ00219,
N00030676,"Long, Billy",R,MO07,H0MO07113,
N00035347,"Loudermilk, Barry",R,GA11,H4GA11061,
N00035206,"Loveless, Joshua A",3,TX03,H4TX03064,
N00033274,"Lowenthal, Alan",D,CA47,H2CA00104,
N00001024,"Lowey, Nita M",D,NY17,H8NY20056,
N00031582,"Lowry, Robert",R,TX23,H0TX23102,
N00005559,"Lucas, Frank D",R,OK03,H4OK06056,
N00030026,"Luetkemeyer, Blaine",R,MO03,H8MO09153,
N00029562,"Lujan, Ben R",D,NM03,H8NM03196,
N00029788,"Lummis, Cynthia Marie",R,WY01,H8WY00148,
N00013855,"Lynch, Stephen F",D,MA08,H2MA09072,
N00035285,"MacDougall, Ed",R,FL26,H4FL26012,
N00035540,"Maciariello, Patrick",R,CA45,H4CA45105,
N00035213,"Mack, Stanley",R,AL07,H4AL07070,
N00027891,"Maffei, Dan",D,NY24,H6NY25125,
N00033138,"Magee, Erin Kent",R,FL25,H4FL25014,
N00020086,"Maguire, Andy",D,NJ05,H4NJ05143,
N00034575,"Malagisi, Michael P",R,NC03,H4NC03034,
N00000078,"Maloney, Carolyn B",D,NY12,H2NY14037,
N00034277,"Maloney, Sean Patrick",D,NY18,H2NY22139,
N00035487,"Maness, Rob",R,LAS1,S4LA00115,
N00026710,"Marchant, Kenny",R,TX24,H4TX24094,
N00035463,"Marchbanks, Neal",D,TX19,H4TX19276,
N00035543,"Marchese, Joel",R,CA53,H4CA53042,
N00001555,"Margolies, Marjorie",D,PA13,H2PA13078,
N00031777,"Marino, Tom",R,PA10,H0PA10078,
N00000270,"Markey, Ed",D,MAS2,S4MA00028,
N00032264,"Marksberry, Ed",D,KYS1,S4KY00067,
N00035236,"Marselus, Reggie",D,KS03,H4KS03170,
N00035510,"Martin, Andy",R,NHS2,S4NH00096,
N00034041,"Massie, Thomas",R,KY04,H2KY04121,
N00035283,"Mather, Joshua Pike",R,KYS1,S4KY00075,
N00009753,"Matheson, Jim",D,UT04,H0UT02096,
N00027459,"Matsui, Doris O",D,CA06,H6CA05195,
N00035209,"McAllister, Lenny",R,IL02,H4IL02160,
N00035273,"McCall, Brian Matthew",R,TX21,H4TX21041,
N00001148,"McCarthy, Carolyn",D,NY04,H6NY04112,
N00028152,"McCarthy, Kevin",R,CA23,H6CA22125,
N00026460,"McCaul, Michael",R,TX10,H4TX10093,
N00035304,"McClelland, Erin",D,PA12,H4PA12043,
N00006863,"McClintock, Tom",R,CA04,H8CA04152,
N00012942,"McCollum, Betty",D,MN04,H0MN04049,
N00003389,"McConnell, Mitch",R,KYS1,S2KY00012,
N00035245,"McCoy, Peter",R,SC01,H4SC01123,
N00009829,"McDermott, Jim",D,WA07,H8WA07132,
N00035489,"McFadden, Mike",R,MNS1,S4MN00346,
N00035331,"McGeehan, Pat",R,WVS2,S4WV00167,
N00000179,"McGovern, James P",D,MA02,H4MA03022,
N00026627,"McHenry, Patrick",R,NC10,H4NC10047,
N00002356,"McIntyre, Mike",D,NC07,H8NC07044,
N00035397,"McKenna, Michael",D,FL09,H4FL09091,
N00006882,"McKeon, Buck",R,CA25,H2CA25036,
N00031681,"McKinley, David",R,WV01,H0WV01072,
N00035234,"McKinley, Paul",R,IL02,H4IL02293,
N00035494,"McLeay, Bart",R,NES2,S4NE00082,
N00033509,"McLeod, Gloria",D,CA35,H2CA35118,
N00035329,"McMichael, Craig Bradley",R,TX08,H4TX08089,
N00034856,"McMillan, Jaime",R,COS2,S4CO00320,
N00026314,"McMorris Rodgers, Cathy",R,WA05,H4WA05077,
N00026926,"McNerney, Jerry",D,CA09,H4CA11081,
N00033631,"Meadows, Mark R",R,NC11,H2NC11080,
N00031134,"Meehan, Patrick",R,PA07,H0PA07082,
N00001171,"Meeks, Gregory W",D,NY05,H8NY06048,
N00035338,"Mehring, Sona",D,MN02,H4MN02110,
N00035498,"Meissner, Stuart",I,NJS2,S4NJ00250,
N00034547,"Meng, Grace",D,NY06,H2NY06116,
N00035352,"Mensing, Dale Kenneth",R,CA02,H4CA02098,
N00029303,"Merkley, Jeff",D,ORS1,S8OR00207,
N00012546,"Messer, Luke",R,IN06,H0IN02125,
N00035308,"Meyer, Ron",R,VA11,H4VA11061,
N00035513,"Meyers, Victor",D,CO04,H4CO04074,
N00035290,"Meynardie, Kevin",R,VA02,H4VA02045,
N00002793,"Mica, John L",R,FL07,H2FL08055,
N00024770,"Michaud, Mike",D,ME02,H2ME02097,
N00009795,"Miller, Candice S",R,MI10,H6MI12181,
N00006954,"Miller, Gary",R,CA31,H8CA41063,
N00007390,"Miller, George",D,CA11,H6CA07043,
N00013846,"Miller, Jeff",R,FL01,H2FL01100,
N00035443,"Mills, Stewart",R,MN08,H4MN08083,
N00035464,"Minor, Louie",D,TX31,H4TX31040,
N00035253,"Moffly, Elizabeth",R,SC01,H4SC01214,
N00035533,"Moll, Thomas",R,AR04,H4AR04055,
N00035508,"Mooney, Alex",R,WV02,H4WV02080,
N00033814,"Mooney, Alex",R,MD06,H2MD06179,
N00026914,"Moore, Gwen",D,WI04,H4WI04183,
N00035447,"Moore, Rodney",D,NC12,H4NC12068,
N00002083,"Moran, Jim",D,VA08,H0VA08040,
N00035212,"Morel, Emmanuel G",D,FL21,H4FL21054,
N00035431,"Moulton, Seth",D,MA06,H4MA06090,
N00035416,"Mowrer, Jim",D,IA04,H4IA04113,
N00035545,"Mrozinski, Larry",R,GA11,H4GA11095,
N00035232,"Muhammad, Fatimah N",D,IL02,H4IL02277,
N00033410,"Mullin, Markwayne",R,OK02,H2OK02083,
N00031412,"Mulvaney, Mick",R,SC05,H0SC05031,
N00035289,"Murphy, Pat",D,IA01,H4IA01069,
N00033091,"Murphy, Patrick",D,FL18,H2FL22072,
N00024992,"Murphy, Tim",R,PA18,H2PA18143,
N00000939,"Nadler, Jerrold",D,NY10,H2NY17071,
N00006789,"Napolitano, Grace",D,CA32,H8CA34068,
N00035255,"Nash, Ray",R,SC01,H4SC01230,
N00035377,"Naughton, Shaughnessy",D,PA08,H4PA08116,
N00000153,"Neal, Richard E",D,MA01,H8MA02041,
N00035336,"Nestande, Brian",R,CA36,H4CA36120,
N00031469,"Netherwood, Ray",L,FL19,H0FL02136,
N00026043,"Neugebauer, Randy",R,TX19,H4TX19102,
N00032022,"Noem, Kristi",R,SD01,H0SD00054,
N00021207,"Nolan, Rick",D,MN08,H2MN08111,
N00033875,"Norris, Phil",R,AL04,H2AL07165,
N00001692,"Norton, Eleanor Holmes",D,DC00,H0DC00058,
N00032441,"Nugent, Richard",R,FL11,H0FL05139,
N00007248,"Nunes, Devin",R,CA22,H8CA20059,
N00035480,"Nunn, Michelle",D,GAS1,S4GA11277,
N00031006,"Nunnelee, Alan",R,MS01,H0MS01043,
N00035452,"O'Brien, Bill",R,NH02,H4NH02225,
N00004243,"O'brien, David",D,IA01,H4IA01085,
N00033540,"O'Rourke, Beto",D,TX16,H2TX16185,
N00009638,"Obama, Barack",D,PRES,P80003338,
N00035495,"Oliver, Sheila",D,NJS2,S4NJ00227,
N00035096,"Olivera, Pablo",3,NJS2,S4NJ00276,
N00029285,"Olson, Pete",R,TX22,H8TX22107,
N00035529,"Ortman, Julianne",R,MNS1,S4MN00361,
N00035493,"Osborn, Shane",R,NES2,S4NE00074,
N00035450,"Osborne, Curtis",D,NC12,H4NC12092,
N00035277,"Overby, Lucas",L,FL13,H4FL13077,
N00031011,"Owens, Bill",D,NY21,H0NY23081,
N00035302,"Pahlke, Liz",I,IL02,H4IL02335,
N00031958,"Palazzo, Steven",R,MS04,H0MS04120,
N00000781,"Pallone, Frank Jr",D,NJ06,H8NJ03073,
N00035427,"Palumbo, Joe",D,KY06,H4KY06155,
N00000751,"Pascrell, Bill Jr",D,NJ09,H6NJ08118,
N00006397,"Pastor, Ed",D,AZ07,H2AZ02055,
N00035247,"Patrick, Andy",R,SC01,H4SC01156,
N00035459,"Patton, Daniel Manuel",D,OH16,H4OH16099,
N00029391,"Paulsen, Erik",R,MN03,H8MN03077,
N00034436,"Pavilack, Harold",D,SCS2,S2SC00087,
N00034639,"Payne, Donald M Jr",D,NJ10,H2NJ10154,
N00012672,"Pearce, Steve",R,NM02,H2NM02126,
N00035441,"Pederson, John",R,MN06,H4MN06095,
N00007360,"Pelosi, Nancy",D,CA12,H8CA05035,
N00035386,"Percefull, Janis K",D,AR04,H4AR04030,
N00035516,"Perdue, David",R,GAS1,S4GA11285,
N00035512,"Perkins, Jo Rae",R,ORS1,S4OR00156,
N00027510,"Perlmutter, Edwin G",D,CO07,H6CO07023,
N00034120,"Perry, Scott",R,PA04,H2PA04135,
N00029277,"Peters, Gary",D,MIS1,S4MI00355,
N00033591,"Peters, Scott",D,CA52,H2CA52089,
N00004558,"Peterson, Collin",D,MN07,H2MN07014,
N00004426,"Petri, Tom",R,WI06,H0WI06061,
N00013817,"Pingree, Chellie",D,ME01,H8ME01120,
N00035254,"Pinkston, Shawn",R,SC01,H4SC01222,
N00034416,"Pittenger, Robert",R,NC09,H2NC09134,
N00001633,"Pitts, Joe",R,PA16,H6PA16197,
N00035378,"Platt, Carol",R,FL09,H4FL09083,
N00033549,"Pocan, Mark",D,WI02,H2WI02124,
N00026457,"Poe, Ted",R,TX02,H4TX02108,
N00029127,"Polis, Jared",D,CO02,H8CO02137,
N00030744,"Pompeo, Mike",R,KS04,H0KS04051,
N00035468,"Poore, Meshea",D,WV02,H4WV02106,
N00029662,"Posey, Bill",R,FL08,H8FL15107,
N00035520,"Powe, Sharon",R,AL01,H4AL01180,
N00034667,"Powelson, Michael",3,CA30,H2CA30259,
N00035323,"Powers, Amos Scott",D,TN06,H4TN06168,
N00002260,"Price, David",D,NC04,H6NC04037,
N00026160,"Price, Tom",R,GA06,H4GA06087,
N00035407,"Pridemore, Tricia",R,GA11,H4GA11087,
N00035455,"Prues, Jim",D,OH01,H4OH01067,
N00013823,"Pryor, Mark",D,ARS1,S0AR00028,
N00030581,"Quigley, Mike",D,IL05,H0IL05096,
N00035542,"Quinones, Issac II",D,OH09,H4OH09078,
N00034017,"Radel, Trey",R,FL19,H2FL14194,
N00035358,"Radulovacki, Branko",D,GAS1,S4GA11228,
N00002198,"Rahall, Nick",D,WV03,H6WV04057,
N00000964,"Rangel, Charles B",D,NY13,H6NY19029,
N00027686,"Rathje, Steve",R,IA01,H0IA02099,
N00035204,"Raths, Greg",R,CA45,H4CA45089,
N00035229,"Rayburn, Charles",D,IL02,H4IL02236,
N00029405,"Recchia, Domenic",D,NY11,H8NY13069,
N00000362,"Reed, Jack",D,RIS2,S6RI00163,
N00030949,"Reed, Tom",R,NY23,H0NY29054,
N00035537,"Reese, Brandon Rex",R,TX05,H4TX05051,
N00026885,"Reichert, Dave",R,WA08,H4WA08071,
N00035233,"Reid, Beverly E",R,IL02,H4IL02285,
N00031127,"Renacci, Jim",R,OH16,H0OH16097,
N00035363,"Reyes, Eloise Gomez",D,CA31,H4CA31055,
N00004881,"Reynolds, Mel",D,IL02,H8IL02039,
N00035501,"Rhoden, Larry",R,SDS2,S4SD00072,
N00030968,"Ribble, Reid",R,WI08,H0WI08075,
N00033832,"Rice, Tom",R,SC07,H2SC07066,
N00035361,"Richards, Ronny",D,OH02,H4OH02131,
N00030184,"Richmond, Cedric",D,LA02,H8LA02054,
N00030962,"Rigell, Scott",R,VA02,H0VA02084,
N00029441,"Risch, James E",R,IDS1,S8ID00092,
N00035547,"Riser, Neil",R,LA05,H4LA05064,
N00035419,"Robbins, Craig",R,IL11,H4IL11229,
N00035354,"Roberts, Boyd",D,CA42,H4CA42078,
N00005285,"Roberts, Pat",R,KSS1,S6KS00080,
N00035337,"Robertson, Martha",D,NY23,H4NY23067,
N00013142,"Robinson, Jack E",I,MAS2,S0MA00042,
N00035478,"Robinson, Todd Anthony",D,GAS1,S4GA11251,
N00030768,"Roby, Martha",R,AL02,H0AL02087,
N00028463,"Roe, Phil",R,TN01,H6TN01388,
N00003473,"Rogers, Hal",R,KY05,H0KY05015,
N00009668,"Rogers, Mike",R,MI08,H0MI08042,
N00024759,"Rogers, Mike D",R,AL03,H2AL03032,
N00007151,"Rohrabacher, Dana",R,CA48,H8CA42061,
N00031741,"Rokita, Todd",R,IN04,H0IN04170,
N00029018,"Rooney, Tom",R,FL17,H8FL16022,
N00002858,"Ros-Lehtinen, Ileana",R,FL27,H0FL18025,
N00034472,"Rose, Bobbie",D,SC01,H2SC01069,
N00035517,"Rosendale, Matt",R,MT01,H4MT00050,
N00004719,"Roskam, Peter",R,IL06,H6IL06117,
N00030645,"Ross, Dennis",R,FL15,H0FL12101,
N00035344,"Rothblatt, Gabriel",D,FL08,H4FL08085,
N00031253,"Rothfus, Keith J",R,PA12,H0PA04220,
N00035187,"Rounds, Mike",R,SDS2,S4SD00049,
N00006671,"Roybal-Allard, Lucille",D,CA40,H2CA33048,
N00008264,"Royce, Ed",R,CA39,H6CA39020,
N00035507,"Ruiz, Jose",R,ILS1,S4IL00420,
N00032576,"Ruiz, Nicholas III",D,FL07,H0FL24171,
N00033510,"Ruiz, Raul",D,CA36,H2CA36439,
N00031632,"Rullo, Joe",I,NJS2,S2NJ00361,
N00031988,"Runyan, Jon",R,NJ03,H0NJ03153,
N00025482,"Ruppersberger, Dutch",D,MD02,H2MD02160,
N00004887,"Rush, Bobby L",D,IL01,H2IL01042,
N00004357,"Ryan, Paul",R,WI01,H8WI01024,
N00025280,"Ryan, Tim",D,OH13,H2OH17109,
N00035497,"Sabas, Antonio",I,NJS2,S4NJ00243,
N00030418,"Sablan, Gregorio",I,MP00,H8MP00041,
N00035318,"Saidel, Jonathan",D,PA13,H4PA13173,
N00006446,"Salmon, Matt",R,AZ05,H4AZ01038,
N00035068,"Salvette, Emily",L,MI01,H2MI01126,
N00024870,"Sanchez, Linda",D,CA38,H2CA39078,
N00008274,"Sanchez, Loretta",D,CA46,H6CA46033,
N00002424,"Sanford, Mark",R,SC01,H4SC01073,
N00027751,"Sarbanes, John",D,MD03,H6MD03292,
N00035544,"Sasse, Ben",R,NES2,S4NE00090,
N00009660,"Scalise, Steve",R,LA01,H0LA01087,
N00035484,"Schaben, Scott",R,IAS2,S4IA00137,
N00004724,"Schakowsky, Jan",D,IL09,H8IL09067,
N00028138,"Schatz, Brian",D,HIS1,S4HI00136,
N00009585,"Schiff, Adam",D,CA28,H0CA27085,
N00000596,"Schlesinger, Alan",R,FL18,H4FL18043,
N00035317,"Schnackenberg, Matt",L,FL11,H4FL11063,
N00033101,"Schneider, Brad",D,IL10,H2IL10068,
N00029273,"Schock, Aaron",R,IL18,H8IL18043,
N00032232,"Schonberg, Steve",D,KYS1,S4KY00083,
N00034723,"Schooley, Travis",R,PA09,H2PA09092,
N00030071,"Schrader, Kurt",D,OR05,H8OR05107,
N00026106,"Schultz, Debbie Wasserman",D,FL23,H4FL20023,
N00035405,"Schwarz, David",R,GA01,H4GA01062,
N00006460,"Schweikert, David",R,AZ06,H4AZ06045,
N00035270,"Sciortino, Carl",D,MA05,H4MA05068,
N00032457,"Scott, Austin",R,GA08,H0GA08099,
N00002147,"Scott, Bobby",D,VA03,H6VA01117,
N00024871,"Scott, David",D,GA13,H2GA13012,
N00031782,"Scott, Tim",R,SCS1,S4SC00240,
N00035396,"Scurry-Smith, Gloreatha",R,FL05,H4FL05065,
N00035028,"Seaman, David",3,FL23,H4FL23068,
N00035350,"Seeley, David",R,FL10,H4FL10057,
N00035332,"Senger, Darlene",R,IL11,H4IL11195,
N00004291,"Sensenbrenner, F James Jr",R,WI05,H8WI09050,
N00001813,"Serrano, Jose E",D,NY15,H0NY18065,
N00003062,"Sessions, Jeff",R,ALS1,S6AL00195,
N00005681,"Sessions, Pete",R,TX32,H2TX03126,
N00030622,"Sewell, Terri A",D,AL07,H0AL07086,
N00035284,"Shaffer, James Alexander",R,MD01,H4MD01093,
N00024790,"Shaheen, Jeanne",D,NHS2,S0NH00219,
N00028091,"Shea-Porter, Carol",D,NH01,H6NH01230,
N00035456,"Sheil, John",D,OH02,H4OH02149,
N00035327,"Sheldon, Donna",R,GA10,H4GA10055,
N00035390,"Sheridan, Tim",D,CA42,H4CA42086,
N00006897,"Sherman, Brad",D,CA30,H6CA24113,
N00035286,"Sherzan, Mike",D,IA03,H4IA03057,
N00004961,"Shimkus, John M",R,IL15,H2IL20042,
N00013770,"Shuster, Bill",R,PA09,H2PA09035,
N00035460,"Si, Tae",D,OK04,H4OK04135,
N00035499,"Silverstein, Matt",D,OKS2,S4OK00216,
N00035394,"Simon, Fred J Jr",R,CA52,H4CA52077,
N00006263,"Simpson, Mike",R,ID02,H8ID02064,
N00033604,"Simpson, Stephen",R,GA10,H2GA10117,
N00033983,"Sinema, Kyrsten",D,AZ09,H2AZ09019,
N00027523,"Sires, Albio",D,NJ08,H6NJ13191,
N00035442,"Sivarajah, Rhonda",R,MN06,H4MN06103,
N00034685,"Slantz, Bill",L,MO08,H2MO02151,
N00001311,"Slaughter, Louise M",D,NY25,H6NY03031,
N00007833,"Smith, Adam",D,WA09,H6WA09025,
N00027623,"Smith, Adrian",R,NE03,H6NE03115,
N00035432,"Smith, Alden",D,ME02,H4ME02192,
N00035417,"Smith, Bryan",R,ID02,H4ID02063,
N00009816,"Smith, Chris",R,NJ04,H8NJ04014,
N00035282,"Smith, Jason",R,MO08,H4MO08162,
N00001811,"Smith, Lamar",R,TX21,H6TX21012,
N00031204,"Southerland, Steve",R,FL02,H0FL02110,
N00029649,"Speier, Jackie",D,CA14,H8CA12171,
N00035428,"Spilka, Karen",D,MA05,H4MA05092,
N00035524,"Stackhouse, Ed",3,NJS2,S4NJ00284,
N00035320,"Stamper, Jay",D,SCS1,S4SC00257,
N00035280,"Stapleton, Corey C",R,MTS2,S4MT00084,
N00035521,"Starbuck, Lorenzo",R,FL26,H4FL26046,
N00035523,"Stefanik, Elise",R,NY21,H4NY21079,
N00033932,"Stewart, Chris",R,UT02,H2UT02324,
N00035353,"Stiles, Larry",R,PA12,H4PA00022,
N00029574,"Stivers, Steve",R,OH15,H8OH15076,
N00035351,"Stockdale, David S",R,IN05,H4IN05104,
N00005918,"Stockman, Steve",R,TX36,H6TX22143,
N00029494,"Stone, John",R,GA12,H8GA12011,
N00035339,"Strouse, Kevin",D,PA08,H4PA08108,
N00030891,"Stutzman, Marlin",R,IN03,H0IN03198,
N00012600,"Sullivan, Mike",R,MAS2,S0MA00034,
N00033508,"Swalwell, Eric",D,CA15,H2CA15094,
N00035268,"Sweeney, Steve M",D,NJS2,S4NJ00193,
N00035535,"Takai, Mark",D,HI01,H4HI01134,
N00006701,"Takano, Mark",D,CA41,H2CA43245,
N00033575,"Taylor, James Henry",R,IL02,H2IL02131,
N00005321,"Terry, Lee",R,NE02,H8NE02139,
N00035534,"Testerman, Karen",R,NHS2,S4NH00104,
N00035241,"Thigpen, Jason",R,NC03,H4NC03042,
N00003288,"Thompson, Bennie G",D,MS02,H4MS02068,
N00029736,"Thompson, Glenn",R,PA05,H8PA05071,
N00007419,"Thompson, Mike",D,CA05,H8CA01109,
N00012933,"Thoney, Roger",R,KYS1,S0KY00198,
N00006052,"Thornberry, Mac",R,TX13,H4TX13014,
N00009699,"Tiberi, Patrick J",R,OH12,H0OH12062,
N00000226,"Tierney, John F",D,MA06,H4MA06033,
N00035340,"Tilghman, Bill",D,MD01,H4MD01101,
N00035492,"Tillis, Thom",R,NCS1,S4NC00162,
N00035388,"Tillman, Danny",D,CA31,H4CA31063,
N00027509,"Tipton, Scott",R,CO03,H6CO03139,
N00030191,"Titus, Dina",D,NV01,H8NV03036,
N00030196,"Tonko, Paul",D,NY20,H8NY21203,
N00031538,"Tracy, Jim",R,TN04,H0TN06240,
N00035473,"Treadwell, Mead",R,AKS1,S4AK00206,
N00035485,"Truax, Doug",R,ILS1,S4IL00438,
N00029026,"Tsongas, Niki",D,MA03,H8MA05143,
N00025175,"Turner, Michael R",R,OH10,H2OH03067,
N00035257,"Turner, Teddy",R,SC01,H4SC01255,
N00008051,"Udall, Mark",D,COS2,S8CO00172,
N00006561,"Udall, Tom",D,NMS2,S8NM00184,
N00004133,"Upton, Fred",R,MI06,H6MI04113,
N00033367,"Valadao, David",R,CA21,H2CA20094,
N00013820,"Van Hollen, Chris",D,MD08,H2MD08126,
N00007021,"Vargas, Juan",D,CA51,H2CA50026,
N00034947,"Vaux, Morgan John",D,CA34,H4CA34059,
N00033839,"Veasey, Marc",D,TX33,H2TX33073,
N00034349,"Vela, Filemon",D,TX34,H2TX27190,
N00001102,"Velazquez, Nydia M",D,NY07,H2NY00010,
N00035410,"Vernon, Monica",D,IA01,H4IA01077,
N00034985,"Victor, Marc",R,AZ09,H4AZ09015,
N00003813,"Visclosky, Pete",D,IN01,H4IN01012,
N00035399,"Vivaldi, Peter",R,FL09,H4FL09117,
N00035330,"Vogt, Dave",R,MD06,H4MD06183,
N00035207,"Wager, Michael",D,OH14,H4OH14102,
N00035200,"Wagie, David",R,FL22,H2FL22114,
N00033106,"Wagner, Ann L",R,MO02,H2MO02102,
N00035424,"Wakefield, Margie",D,KS02,H4KS02115,
N00026368,"Walberg, Tim",R,MI07,H4MI07103,
N00007690,"Walden, Greg",R,OR02,H6OR02116,
N00035311,"Walker, Bradley",R,NC06,H4NC06052,
N00030975,"Wallace, Eric M",R,IL02,H4IL02301,
N00031226,"Walorski, Jackie",R,IN02,H0IN02190,
N00035305,"Walter, Andrew",R,AZ09,H4AZ09023,
N00035391,"Walters, Mimi",R,CA45,H4CA45097,
N00027467,"Walz, Timothy J",D,MN01,H6MN01174,
N00035514,"Ward, Rick",R,LA06,H4LA06096,
N00002097,"Warner, Mark",D,VAS2,S6VA00093,
N00026054,"Washington, Joyce",D,IL02,H4IL02186,
N00006690,"Waters, Maxine",D,CA43,H4CA23011,
N00002328,"Watt, Melvin L",D,NC12,H2NC12021,
N00001861,"Waxman, Henry A",D,CA33,H6CA24048,
N00035445,"Webb, Don",R,NC06,H4NC06060,
N00033539,"Weber, Randy",R,TX14,H2TX14149,
N00026335,"Webster, Daniel",R,FL10,H0FL08208,
N00004578,"Weiland, Rick",D,SDS2,S4SD00056,
N00000515,"Welch, Peter",D,VT01,H6VT00160,
N00035532,"Welch, Richard",I,MA05,H4MA05126,
N00033310,"Wenstrup, Brad",R,OH02,H2OH02085,
N00035316,"Westbrook, Corry",D,FL08,H4FL08077,
N00035527,"Westerman, Bruce",R,AR04,H4AR04048,
N00026163,"Westmoreland, Lynn A",R,GA03,H4GA08067,
N00035481,"Whitaker, Matt",R,IAS2,S4IA00095,
N00003467,"Whitfield, Ed",R,KY01,H4KY01040,
N00035360,"Whitney, Bryan",D,KS01,H4KS01042,
N00027253,"Wildes, Michael",D,NJ09,H4NJ09095,
N00035435,"Willette, Alex",R,ME02,H4ME02226,
N00025221,"Williams, Anthony W",D,IL02,H2IL02107,
N00035293,"Williams, Chase",R,TN04,H4TN04148,
N00035418,"Williams, David III",R,IL09,H4IL09074,
N00030602,"Williams, Roger",R,TX25,H2TX33040,
N00030650,"Wilson, Frederica",D,FL24,H0FL17068,
N00024809,"Wilson, Joe",R,SC02,H2SC02059,
N00035288,"Winslow, Dan",R,MAS2,S4MA00200,
N00029459,"Wittman, Rob",R,VA01,H8VA01147,
N00002073,"Wolf, Frank R",R,VA10,H6VA10050,
N00031857,"Womack, Steve",R,AR03,H0AR03055,
N00032416,"Woodall, Rob",R,GA07,H0GA07133,
N00035281,"Wyatt, Eric",R,TXS1,S4TX00425,
N00028073,"Yarmuth, John A",D,KY03,H6KY03124,
N00031502,"Yoder, Kevin",R,KS03,H0KS03137,
N00033220,"Yoho, Ted",R,FL03,H2FL06109,
N00001817,"Young, C W Bill",R,FL13,H6FL06035,
N00035509,"Young, David",R,IAS2,S4IA00103,
N00033450,"Young, Dean",R,AL01,H2AL01176,
N00007999,"Young, Don",R,AK01,H6AK00045,
N00030670,"Young, Todd",R,IN09,H0IN09070,
N00035479,"Yu, Eugene",R,GAS1,S4GA11269,
N00035292,"Zachary, Jason",R,TN02,H4TN02068,
