Updated 11/13/2020,,,,,
,"This information is being made available to facilitate the sharing of the quality, improved data that the Center for Responsive Politics works hard to provide.   Should you find this information useful, please consider supporting the work of the Center with a donation:  http://www.opensecrets.org/donate/   Whether you use this information to provide relevant links to our web site, www.OpenSecrets.org , or to use CRP's APIs, available at www.OpenSecrets.org/resources/create/apis.php , please make sure to credit the Center for Responsive Politics and/or OpenSecrets.org.  And remember, Federal law prohibits the use of contributor information for the purpose of soliciting contributions or for any commercial purpose.",,,,
,,,,,
,,,,,
,,,,,
,CID,CRPName,Party,Office,FECCandID
,N00007665,"Abercrombie, Neil",D,HI01,H6HI01121
,N00001143,"Ackerman, Gary",D,NY05,H4NY07011
,N00003028,"Aderholt, Robert B",R,AL04,H6AL04098
,N00007653,"Akaka, Daniel K",D,HIS2,S0HI00084
,N00009677,"Akin, Todd",R,MO02,H0MO02148
,N00009888,"Alexander, Lamar",R,TNS2,S2TN00058
,N00025464,"Alexander, Rodney",R,LA05,H2LA05084
,N00009082,"Allard, Wayne",R,COS2,S6CO00168
,N00000469,"Allen, Tom H",D,ME01,S8ME00080
,N00027664,"Altmire, Jason",D,PA04,H6PA04110
,N00000826,"Andrews, Robert E",D,NJ01,H0NJ01066
,N00027890,"Arcuri, Mike",D,NY24,H6NY24128
,N00007089,"Baca, Joe",D,CA43,H6CA42099
,N00027493,"Bachmann, Michele",R,MN06,H6MN06074
,N00008091,"Bachus, Spencer",R,AL06,H2AL06035
,N00007936,"Baird, Brian",D,WA03,H6WA03135
,N00005407,"Baker, Richard",R,LA06,H6LA06083
,N00004367,"Baldwin, Tammy",D,WI02,H8WI00018
,N00006236,"Barrasso, John A",R,WYS1,S6WY00068
,N00013837,"Barrett, Gresham",R,SC03,H2SC03057
,N00026080,"Barrow, John",D,GA12,H4GA12010
,N00002017,"Bartlett, Roscoe G",R,MD06,H2MD06054
,N00005656,"Barton, Joe",R,TX06,H4TX06117
,N00004643,"Baucus, Max",D,MTS2,S8MT00010
,N00003762,"Bayh, Evan",D,INS2,S8IN00049
,N00024875,"Bean, Melissa",D,IL08,H2IL08088
,N00009774,"Becerra, Xavier",D,CA31,H2CA30143
,N00006347,"Bennett, Robert F",R,UTS2,S2UT00104
,N00009818,"Berkley, Shelley",D,NV01,H8NV01071
,N00008094,"Berman, Howard L",D,CA28,H2CA26026
,N00005455,"Berry, Marion",D,AR01,H6AR01072
,N00001669,"Biden, Joe",D,DES2,S8DE00012
,N00004762,"Biggert, Judy",R,IL13,H8IL13069
,N00006981,"Bilbray, Brian P",R,CA50,H4CA49032
,N00027462,"Bilirakis, Gus",R,FL09,H6FL09070
,N00006518,"Bingaman, Jeff",D,NMS1,S2NM00021
,N00025292,"Bishop, Rob",R,UT01,H2UT01094
,N00002674,"Bishop, Sanford",D,GA02,H2GA02031
,N00025413,"Bishop, Timothy H",D,NY01,H2NY01067
,N00003105,"Blackburn, Marsha",R,TN07,H2TN06030
,N00007727,"Blumenauer, Earl",D,OR03,H6OR03064
,N00005195,"Blunt, Roy",R,MO07,H6MO07128
,N00003675,"Boehner, John",R,OH08,H0OH08029
,N00005178,"Bond, Christopher ""Kit""",R,MOS1,S6MO00289
,N00025330,"Bonner, Jo",R,AL01,H2AL01077
,N00007068,"Bono Mack, Mary",R,CA45,H8CA44034
,N00013873,"Boozman, John",R,AR03,H2AR03176
,N00024866,"Bordallo, Madeleine Z",D,GU00,H2GU00033
,N00026481,"Boren, Dan",D,OK02,H4OK02089
,N00004208,"Boswell, Leonard",D,IA03,H6IA03144
,N00002171,"Boucher, Rick",D,VA09,H2VA09010
,N00026595,"Boustany, Charles Jr",R,LA07,H4LA07029
,N00006692,"Boxer, Barbara",D,CAS1,S2CA00286
,N00002743,"Boyd, Allen",D,FL02,H6FL00046
,N00026434,"Boyda, Nancy",D,KS02,H4KS02107
,N00005883,"Brady, Kevin",R,TX08,H6TX08100
,N00001619,"Brady, Robert A",D,PA01,H8PA01153
,N00027464,"Braley, Bruce",D,IA01,H6IA01098
,N00028986,"Broun, Paul",R,GA10,H8GA10049
,N00002713,"Brown, Corrine",D,FL03,H2FL03056
,N00002428,"Brown, Henry",R,SC01,H0SC01071
,N00003535,"Brown, Sherrod",D,OHS1,S6OH00163
,N00024777,"Brown-Waite, Ginny",R,FL05,H2FL05127
,N00005244,"Brownback, Sam",R,KSS2,S6KS00122
,N00027626,"Buchanan, Vernon",R,FL13,H6FL13148
,N00003437,"Bunning, Jim",R,KYS2,S8KY00118
,N00025219,"Burgess, Michael",R,TX26,H2TX26093
,N00002221,"Burr, Richard",R,NCS2,S4NC00089
,N00000010,"Burton, Dan",R,IN05,H2IN06023
,N00027035,"Butterfield, G K",D,NC01,H4NC01046
,N00003924,"Buyer, Steve",R,IN04,H2IN05025
,N00002200,"Byrd, Robert C",D,WVS1,S6WV00014
,N00007099,"Calvert, Ken",R,CA44,H2CA37023
,N00008086,"Camp, Dave",R,MI04,H0MI10071
,N00027565,"Campbell, John",R,CA48,H6CA48039
,N00006349,"Cannon, Chris",R,UT03,H6UT03042
,N00013131,"Cantor, Eric",R,VA07,H0VA07042
,N00007836,"Cantwell, Maria",D,WAS1,S8WA00194
,N00009771,"Capito, Shelley Moore",R,WV02,H0WV02138
,N00007232,"Capps, Lois",D,CA23,H8CA22089
,N00000267,"Capuano, Michael E",D,MA08,H8MA08071
,N00001955,"Cardin, Ben",D,MDS1,S6MD03177
,N00024874,"Cardoza, Dennis",D,CA18,H2CA18056
,N00005181,"Carnahan, Russ",D,MO03,H0MO00019
,N00027703,"Carney, Chris",D,PA10,H6PA10109
,N00012508,"Carper, Tom",D,DES1,S8DE00079
,N00029513,"Carson, Andre",D,IN07,H8IN07184
,N00003758,"Carson, Julia",D,IN07,H6IN10141
,N00025095,"Carter, John",R,TX31,H2TX31044
,N00027503,"Casey, Bob",D,PAS2,S6PA00217
,N00009775,"Castle, Michael N",R,DE01,H2DE00072
,N00027514,"Castor, Kathy",D,FL11,H6FL11126
,N00029680,"Cazayoux, Don",D,LA06,H8LA06022
,N00003689,"Chabot, Steve",R,OH01,H8OH01043
,N00002685,"Chambliss, Saxby",R,GAS1,S2GA00118
,N00026591,"Chandler, Ben",D,KY06,H4KY06072
,N00029692,"Childers, Travis",D,MS01,H8MS01061
,N00000133,"Christian-Christensen, Donna",D,VI00,H4VI00054
,N00026961,"Clarke, Yvette D",D,NY11,H4NY11138
,N00012460,"Clay, William L Jr",D,MO01,H0MO01066
,N00026790,"Cleaver, Emanuel",D,MO05,H4MO05234
,N00000019,"Clinton, Hillary",D,NYS1,S0NY00188
,N00002408,"Clyburn, James E",D,SC06,H2SC02042
,N00002247,"Coble, Howard",R,NC06,H4NC06011
,N00005601,"Coburn, Tom",R,OKS1,S4OK00174
,N00003328,"Cochran, Thad",R,MSS1,S8MS00055
,N00003225,"Cohen, Steve",D,TN09,H6TN09068
,N00025726,"Cole, Tom",R,OK04,H2OK04055
,N00013870,"Coleman, Norm",R,MNS1,S2MN00126
,N00000491,"Collins, Susan M",R,MES2,S6ME00159
,N00026041,"Conaway, Mike",R,TX11,H4TX19136
,N00004613,"Conrad, Kent",D,NDS2,S6ND00058
,N00004029,"Conyers, John Jr",D,MI14,H6MI01028
,N00003132,"Cooper, Jim",D,TN05,H2TN05131
,N00027441,"Corker, Bob",R,TNS1,S6TN00216
,N00024852,"Cornyn, John",R,TXS1,S2TX00106
,N00026341,"Costa, Jim",D,CA20,H4CA20082
,N00004956,"Costello, Jerry F",D,IL12,H8IL21021
,N00024842,"Courtney, Joe",D,CT02,H2CT02112
,N00002091,"Craig, Larry",R,IDS1,S0ID00057
,N00003042,"Cramer, Bud",D,AL05,H0AL05049
,N00006267,"Crapo, Mike",R,IDS2,S8ID00027
,N00012739,"Crenshaw, Ander ",R,FL04,H0FL04066
,N00001127,"Crowley, Joseph",D,NY07,H8NY07046
,N00006242,"Cubin, Barbara",R,WY01,H4WY00055
,N00024978,"Cuellar, Henry",D,TX28,H2TX23082
,N00009738,"Culberson, John",R,TX07,H0TX07055
,N00001971,"Cummings, Elijah E",D,MD07,H6MD07160
,N00009570,"Davis, Artur",D,AL07,H0AL07060
,N00004884,"Davis, Danny K",D,IL07,H4IL07037
,N00008758,"Davis, David",R,TN01,H6TN01313
,N00024862,"Davis, Geoff",R,KY04,H2KY04071
,N00013078,"Davis, Jo Ann",R,VA01,H0VA01052
,N00003264,"Davis, Lincoln",D,TN04,H4TN06051
,N00009604,"Davis, Susan",D,CA53,H0CA49055
,N00002045,"Davis, Tom",R,VA11,H4VA11020
,N00002610,"Deal, Nathan",R,GA09,H2GA09036
,N00007781,"DeFazio, Peter",D,OR04,H6OR04047
,N00006134,"DeGette, Diana",D,CO01,H6CO01141
,N00000280,"Delahunt, Bill",D,MA10,H2MA11060
,N00000615,"DeLauro, Rosa L",D,CT03,H0CT03072
,N00002472,"DeMint, Jim",R,SCS1,S4SC00083
,N00026171,"Dent, Charlie",R,PA15,H4PA15087
,N00002872,"Diaz-Balart, Lincoln",R,FL21,H2FL19037
,N00025337,"Diaz-Balart, Mario",R,FL25,H2FL25018
,N00007918,"Dicks, Norm",D,WA06,H6WA06021
,N00001783,"Dingell, John D",D,MI15,H6MI16034
,N00000581,"Dodd, Chris",D,CTS2,S0CT00037
,N00006023,"Doggett, Lloyd",D,TX25,H4TX10028
,N00008071,"Dole, Elizabeth",R,NCS1,S2NC00083
,N00006515,"Domenici, Pete V",R,NMS2,S8NM00010
,N00026586,"Donnelly, Joe",D,IN02,H4IN02101
,N00007556,"Doolittle, John T",R,CA04,H0CA14042
,N00004615,"Dorgan, Byron L",D,NDS1,S2ND00040
,N00001373,"Doyle, Mike",D,PA14,H4PA18131
,N00027281,"Drake, Thelma",R,VA02,H4VA02037
,N00006932,"Dreier, David",R,CA26,H8CA35032
,N00003209,"Duncan, John J Jr",R,TN02,H8TN02069
,N00004981,"Durbin, Dick",D,ILS1,S6IL00151
,N00005794,"Edwards, Chet",D,TX17,H8TX06035
,N00028249,"Edwards, Donna",D,MD04,H6MD04183
,N00004166,"Ehlers, Vernon J",R,MI03,H4MI03045
,N00028257,"Ellison, Keith",D,MN05,H6MN05183
,N00027575,"Ellsworth, Brad",D,IN08,H6IN08210
,N00024813,"Emanuel, Rahm",D,IL05,H2IL05092
,N00005090,"Emerson, Jo Ann",R,MO08,H6MO08084
,N00001003,"Engel, Eliot",D,NY17,H8NY19058
,N00001427,"English, Phil",R,PA03,H4PA21051
,N00006619,"Ensign, John",R,NVS1,S8NV00073
,N00006249,"Enzi, Mike",R,WYS2,S6WY00126
,N00007335,"Eshoo, Anna",D,CA14,H8CA12098
,N00002269,"Etheridge, Bob",D,NC02,H6NC02080
,N00003083,"Everett, Terry",R,AL02,H2AL02067
,N00007632,"Faleomavaega, Eni F H",D,AS00,H0AS00018
,N00027781,"Fallin, Mary",R,OK05,H6OK05160
,N00007312,"Farr, Sam",D,CA17,H4CA17021
,N00001746,"Fattah, Chaka",D,PA02,H2PA02055
,N00024851,"Feeney, Tom",R,FL24,H2FL00250
,N00000036,"Feingold, Russ",D,WIS2,S8WI00026
,N00007364,"Feinstein, Dianne",D,CAS2,S0CA00199
,N00000766,"Ferguson, Mike",R,NJ07,H8NJ06118
,N00007033,"Filner, Bob",D,CA51,H2CA50034
,N00009573,"Flake, Jeff",R,AZ06,H0AZ01184
,N00013799,"Forbes, Randy",R,VA04,H2VA04052
,N00026631,"Fortenberry, Jeff",R,NE01,H4NE01064
,N00026264,"Fortuno, Luis",R,PR00,H4PR00079
,N00000983,"Fossella, Vito",R,NY13,H8NY13028
,N00029139,"Foster, Bill",D,IL14,H8IL14067
,N00026166,"Foxx, Virginia",R,NC05,H4NC05146
,N00000275,"Frank, Barney",D,MA04,H0MA04036
,N00006423,"Franks, Trent",R,AZ02,H4AZ04024
,N00000684,"Frelinghuysen, Rodney",R,NJ11,H2NJ05014
,N00007231,"Gallegly, Elton",R,CA24,H6CA21028
,N00000743,"Garrett, Scott",R,NJ05,H8NJ05052
,N00025025,"Gerlach, Jim",R,PA06,H2PA06114
,N00027829,"Giffords, Gabrielle",D,AZ08,H6AZ08038
,N00002012,"Gilchrest, Wayne T",R,MD01,H8MD01037
,N00027658,"Gillibrand, Kirsten",D,NY20,H6NY20167
,N00003660,"Gillmor, Paul E",R,OH05,H8OH05044
,N00024760,"Gingrey, Phil",R,GA11,H2GA11149
,N00026148,"Gohmert, Louis B Jr",R,TX01,H4TX04039
,N00005960,"Gonzalez, Charlie A",D,TX20,H8TX20077
,N00002167,"Goode, Virgil",R,VA05,H6VA05068
,N00009154,"Goodlatte, Bob",R,VA06,H2VA06115
,N00003126,"Gordon, Bart",D,TN06,H4TN04015
,N00009975,"Graham, Lindsey",R,SCS2,S0SC00149
,N00008799,"Granger, Kay",R,TX12,H6TX12060
,N00001758,"Grassley, Chuck",R,IAS1,S0IA00028
,N00013323,"Graves, Sam",R,MO06,H0MO06073
,N00026686,"Green, Al",D,TX09,H4TX09095
,N00005870,"Green, Gene",D,TX29,H2TX29030
,N00000444,"Gregg, Judd",R,NHS1,S2NH00025
,N00025284,"Grijalva, Raul M",D,AZ07,H2AZ07070
,N00004874,"Gutierrez, Luis V",D,IL04,H2IL08039
,N00005301,"Hagel, Chuck",R,NES2,S6NE00087
,N00027888,"Hall, John",D,NY19,H6NY19144
,N00005645,"Hall, Ralph",R,TX04,H0TX04037
,N00028234,"Hare, Phil",D,IL17,H6IL17155
,N00004207,"Harkin, Tom",D,IAS2,S4IA00020
,N00006750,"Harman, Jane",D,CA36,H2CA27107
,N00004781,"Hastert, Dennis",R,IL14,H6IL14095
,N00002884,"Hastings, Alcee L",D,FL23,H2FL23021
,N00009157,"Hastings, Doc",R,WA04,H2WA04041
,N00009869,"Hatch, Orrin G",R,UTS1,S6UT00063
,N00002315,"Hayes, Robin",R,NC08,H8NC08042
,N00027522,"Heller, Dean",R,NV02,H6NV02164
,N00024922,"Hensarling, Jeb",R,TX05,H2TX05121
,N00007584,"Herger, Wally",R,CA02,H6CA02010
,N00024773,"Herseth Sandlin, Stephanie",D,SD01,H2SD00092
,N00027060,"Higgins, Brian M",D,NY27,H4NY27076
,N00003875,"Hill, Baron",D,IN09,H8IN09032
,N00001222,"Hinchey, Maurice",D,NY22,H2NY26080
,N00006008,"Hinojosa, Ruben",D,TX15,H6TX15055
,N00028139,"Hirono, Mazie K",D,HI02,H6HI02251
,N00003725,"Hobson, Dave",R,OH07,H0OH07021
,N00027048,"Hodes, Paul W",D,NH02,H4NH02175
,N00004155,"Hoekstra, Peter",R,MI02,H2MI02066
,N00001469,"Holden, Tim",D,PA17,H2PA06080
,N00000860,"Holt, Rush",D,NJ12,H6NJ12144
,N00012611,"Honda, Mike",D,CA15,H0CA15148
,N00007700,"Hooley, Darlene",D,OR05,H6OR05069
,N00001821,"Hoyer, Steny H",D,MD05,H2MD05155
,N00008032,"Hulshof, Kenny",R,MO09,H4MO09046
,N00006983,"Hunter, Duncan",R,CA52,P80003395
,N00005675,"Hutchison, Kay Bailey",R,TXS2,S4TX00086
,N00002460,"Inglis, Bob",R,SC04,H2SC04022
,N00005582,"Inhofe, James M",R,OKS2,S4OK00083
,N00001762,"Inouye, Daniel K",D,HIS1,S4HI00011
,N00001725,"Inslee, Jay",D,WA01,H2WA04090
,N00002593,"Isakson, Johnny",R,GAS2,S6GA00119
,N00013345,"Israel, Steve",D,NY02,H0NY02085
,N00007017,"Issa, Darrell",R,CA49,H0CA48024
,N00005818,"Jackson Lee, Sheila",D,TX18,H4TX18054
,N00012457,"Jackson, Jesse Jr",D,IL02,H6IL02124
,N00005353,"Jefferson, William J",D,LA02,H0LA02119
,N00026786,"Jindal, Bobby",R,LA01,H4LA00016
,N00008122,"Johnson, Eddie Bernice",D,TX30,H2TX00015
,N00027848,"Johnson, Hank",D,GA04,H6GA04129
,N00008028,"Johnson, Sam",R,TX03,H2TX03118
,N00010084,"Johnson, Tim",D,SDS2,S6SD00051
,N00012890,"Johnson, Timothy",R,IL15,H0IL15053
,N00003561,"Jones, Stephanie Tubbs",D,OH11,H8OH11067
,N00002299,"Jones, Walter B Jr",R,NC03,H2NC01081
,N00027894,"Jordan, Jim",R,OH04,H6OH04082
,N00027618,"Kagen, Steve",D,WI08,H6WI08122
,N00001509,"Kanjorski, Paul E",D,PA11,H0PA11050
,N00003522,"Kaptur, Marcy",D,OH09,H2OH09031
,N00009614,"Keller, Ric",R,FL08,H0FL08042
,N00000308,"Kennedy, Edward M",D,MAS1,S6MA00015
,N00000360,"Kennedy, Patrick J",D,RI01,H4RI01034
,N00000245,"Kerry, John",D,MAS2,S4MA00069
,N00004070,"Kildee, Dale E",D,MI05,H6MI07108
,N00004005,"Kilpatrick, Carolyn Cheeks",D,MI13,H6MI15127
,N00004403,"Kind, Ron",D,WI03,H6WI03099
,N00001193,"King, Pete",R,NY03,H2NY03089
,N00025237,"King, Steven A",R,IA05,H2IA05072
,N00002656,"Kingston, Jack",R,GA01,H2GA01157
,N00012539,"Kirk, Mark",R,IL10,H0IL10120
,N00027515,"Klein, Ron",D,FL22,H6FL22040
,N00004436,"Kline, John",R,MN02,H8MN06047
,N00027500,"Klobuchar, Amy",D,MNS2,S6MN00267
,N00004045,"Knollenberg, Joe",R,MI09,H2MI11042
,N00004309,"Kohl, Herb",D,WIS1,S6WI00061
,N00003572,"Kucinich, Dennis",D,OH10,H6OH23033
,N00026087,"Kuhl, John R Jr",R,NY29,H4NY29080
,N00006406,"Kyl, Jon",R,AZS2,S4AZ00030
,N00004933,"LaHood, Ray",R,IL18,H4IL18059
,N00028133,"Lamborn, Douglas L",R,CO05,H6CO05159
,N00005928,"Lampson, Nick",D,TX22,H6TX09033
,N00005395,"Landrieu, Mary L",D,LAS1,S6LA00227
,N00009724,"Langevin, Jim",D,RI02,H0RI02139
,N00007382,"Lantos, Tom",D,CA12,H0CA11022
,N00009759,"Larsen, Rick",D,WA02,H0WA02080
,N00000575,"Larson, John B",D,CT01,H8CT01046
,N00004227,"Latham, Tom",R,IA04,H4IA05102
,N00003545,"LaTourette, Steve",R,OH14,H4OH19036
,N00012233,"Latta, Robert E",R,OH05,H8OH05036
,N00000659,"Lautenberg, Frank",D,NJS2,S2NJ00080
,N00009918,"Leahy, Patrick",D,VTS2,S4VT00017
,N00008046,"Lee, Barbara",D,CA09,H8CA09060
,N00001691,"Levin, Carl",D,MIS1,S8MI00158
,N00003950,"Levin, Sander",D,MI12,H2MI17023
,N00007087,"Lewis, Jerry",R,CA41,H8CA37079
,N00002577,"Lewis, John",D,GA05,H6GA05217
,N00003476,"Lewis, Ron",R,KY02,H4KY02030
,N00000616,"Lieberman, Joe",I,CTS1,S8CT00022
,N00008092,"Lincoln, Blanche",D,ARS2,S8AR00112
,N00002599,"Linder, John",R,GA07,H0GA04023
,N00027239,"Lipinski, Daniel",D,IL03,H4IL03077
,N00000851,"LoBiondo, Frank",R,NJ02,H2NJ02037
,N00027741,"Loebsack, David",D,IA02,H6IA02146
,N00007479,"Lofgren, Zoe",D,CA16,H4CA16049
,N00003329,"Lott, Trent",R,MSS2,S8MS00162
,N00001024,"Lowey, Nita M",D,NY18,H8NY20056
,N00005559,"Lucas, Frank D",R,OK03,H4OK06056
,N00001764,"Lugar, Richard G",R,INS1,S4IN00014
,N00011971,"Lungren, Dan",R,CA03,H6CA34112
,N00013855,"Lynch, Stephen F",D,MA09,H2MA09072
,N00026425,"Mack, Connie",R,FL14,H4FL14059
,N00027804,"Mahoney, Tim",D,FL16,H6FL16059
,N00000078,"Maloney, Carolyn B",D,NY14,H2NY14037
,N00004905,"Manzullo, Don",R,IL16,H0IL16085
,N00026710,"Marchant, Kenny",R,TX24,H4TX24094
,N00000270,"Markey, Ed",D,MA07,H6MA07101
,N00009635,"Marshall, Jim",D,GA08,H0GA08032
,N00026748,"Martinez, Mel",R,FLS2,S4FL00298
,N00009753,"Matheson, Jim",D,UT02,H0UT02096
,N00027459,"Matsui, Doris",D,CA05,H6CA05195
,N00006424,"McCain, John",R,AZS1,P80002801
,N00001148,"McCarthy, Carolyn",D,NY04,H6NY04112
,N00028152,"McCarthy, Kevin",R,CA22,H6CA22125
,N00027694,"McCaskill, Claire",D,MOS2,S6MO00305
,N00026460,"McCaul, Michael",R,TX10,H4TX10093
,N00012942,"McCollum, Betty",D,MN04,H0MN04049
,N00003389,"McConnell, Mitch",R,KYS1,S2KY00012
,N00013808,"McCotter, Thaddeus G",R,MI11,H2MI00037
,N00005414,"McCrery, Jim",R,LA04,H8LA04134
,N00009829,"McDermott, Jim",D,WA07,H8WA07132
,N00000179,"McGovern, James P",D,MA03,H4MA03022
,N00026627,"McHenry, Patrick",R,NC10,H4NC10047
,N00001276,"McHugh, John M",R,NY23,H2NY24036
,N00002356,"McIntyre, Mike",D,NC07,H8NC07044
,N00006882,"McKeon, Buck",R,CA25,H2CA25036
,N00026926,"McNerney, Jerry",D,CA11,H4CA11081
,N00001214,"McNulty, Michael R",D,NY21,H8NY23084
,N00000205,"Meehan, Marty",D,MA05,H2MA05054
,N00025692,"Meek, Kendrick B",D,FL17,H2FL17056
,N00001171,"Meeks, Gregory W",D,NY06,H8NY06048
,N00026840,"Melancon, Charles",D,LA03,H4LA03028
,N00000699,"Menendez, Robert",D,NJS1,S6NJ00289
,N00002793,"Mica, John L",R,FL07,H2FL08055
,N00024770,"Michaud, Mike",D,ME02,H2ME02097
,N00001945,"Mikulski, Barbara A",D,MDS2,S6MD00140
,N00006811,"Millender-McDonald, Juanita",D,CA37,H6CA37222
,N00025093,"Miller, Brad",D,NC13,H2NC13029
,N00009795,"Miller, Candice S",R,MI10,H6MI12181
,N00006954,"Miller, Gary",R,CA42,H8CA41063
,N00007390,"Miller, George",D,CA07,H6CA07043
,N00013846,"Miller, Jeff",R,FL01,H2FL01100
,N00028162,"Mitchell, Harry",D,AZ05,H6AZ05067
,N00002214,"Mollohan, Alan B",D,WV01,H2WV01029
,N00005233,"Moore, Dennis",D,KS03,H8KS03049
,N00026914,"Moore, Gwen",D,WI04,H4WI04183
,N00005282,"Moran, Jerry",R,KS01,H6KS01096
,N00002083,"Moran, Jim",D,VA08,H0VA08040
,N00026050,"Murkowski, Lisa",R,AKS2,S4AK00099
,N00027566,"Murphy, Christopher S",D,CT05,H6CT05124
,N00027594,"Murphy, Patrick J",D,PA08,H6PA08194
,N00024992,"Murphy, Tim",R,PA18,H2PA18143
,N00007876,"Murray, Patty",D,WAS2,S2WA00189
,N00001408,"Murtha, John P",D,PA12,H6PA12030
,N00025054,"Musgrave, Marilyn",R,CO04,H2CO04045
,N00002327,"Myrick, Sue",R,NC09,H4NC09106
,N00000939,"Nadler, Jerrold",D,NY08,H2NY17071
,N00006789,"Napolitano, Grace",D,CA38,H8CA34068
,N00000153,"Neal, Richard E",D,MA02,H8MA02041
,N00005329,"Nelson, Ben",D,NES1,S6NE00095
,N00009926,"Nelson, Bill",D,FLS1,S8FL00166
,N00026043,"Neugebauer, Randy",R,TX19,H4TX19102
,N00001692,"Norton, Eleanor Holmes",D,DC00,H0DC00058
,N00002630,"Norwood, Charles W",R,GA10,H4GA10022
,N00007248,"Nunes, Devin",R,CA21,H8CA20059
,N00009638,"Obama, Barack",D,ILS2,P80003338
,N00001806,"Oberstar, James L",D,MN08,H6MN08047
,N00004394,"Obey, David R",D,WI07,H6WI07033
,N00000143,"Olver, John W",D,MA01,H2MA01020
,N00005998,"Ortiz, Solomon P",D,TX27,H2TX27026
,N00000781,"Pallone, Frank Jr",D,NJ06,H8NJ03073
,N00000751,"Pascrell, Bill Jr",D,NJ08,H6NJ08118
,N00006397,"Pastor, Ed",D,AZ04,H2AZ02055
,N00005906,"Paul, Ron",R,TX14,H6TX22101
,N00000716,"Payne, Donald M",D,NJ10,H0NJ10026
,N00012672,"Pearce, Steve",R,NM02,S0NM00041
,N00007360,"Pelosi, Nancy",D,CA08,H8CA05035
,N00003765,"Pence, Mike",R,IN06,H8IN02060
,N00027510,"Perlmutter, Ed",D,CO07,H6CO07023
,N00004558,"Peterson, Collin",D,MN07,H2MN07014
,N00001422,"Peterson, John E",R,PA05,H6PA05091
,N00004426,"Petri, Tom",R,WI06,H0WI06061
,N00003341,"Pickering, Charles (Chip) Jr",R,MS03,H6MS03046
,N00001633,"Pitts, Joe",R,PA16,H6PA16197
,N00009719,"Platts, Todd",R,PA19,H0PA19053
,N00026457,"Poe, Ted",R,TX02,H4TX02108
,N00008113,"Pomeroy, Earl",D,ND01,H2ND00057
,N00012560,"Porter, Jon",R,NV03,H0NV01078
,N00002260,"Price, David",D,NC04,H6NC04037
,N00026160,"Price, Tom",R,GA06,H4GA06087
,N00003504,"Pryce, Deborah",R,OH15,H2OH15046
,N00013823,"Pryor, Mark",D,ARS1,S0AR00028
,N00009618,"Putnam, Adam H",R,FL12,H0FL12051
,N00007507,"Radanovich, George",R,CA19,H2CA19054
,N00002198,"Rahall, Nick",D,WV03,H6WV04057
,N00004484,"Ramstad, Jim",R,MN03,H0MN00013
,N00000964,"Rangel, Charles B",D,NY15,H6NY19029
,N00000362,"Reed, Jack",D,RIS2,S6RI00163
,N00003651,"Regula, Ralph",R,OH16,H6OH16029
,N00004645,"Rehberg, Denny",R,MT01,H0MT00033
,N00026885,"Reichert, Dave",R,WA08,H4WA08071
,N00009922,"Reid, Harry",D,NVS2,S6NV00028
,N00024931,"Renzi, Rick",R,AZ01,H2AZ01172
,N00006067,"Reyes, Silvestre",D,TX16,H6TX00115
,N00001295,"Reynolds, Tom",R,NY26,H8NY27077
,N00029112,"Richardson, Laura",D,CA37,H8CA37137
,N00005285,"Roberts, Pat",R,KSS1,S6KS00080
,N00001685,"Rockefeller, Jay",D,WVS2,S4WV00027
,N00026314,"Rodgers, Cathy McMorris",R,WA05,H4WA05077
,N00009828,"Rodriguez, Ciro D",D,TX23,H8TX28013
,N00003473,"Rogers, Hal",R,KY05,H0KY05015
,N00009668,"Rogers, Mike",R,MI08,H0MI08042
,N00024759,"Rogers, Mike D",R,AL03,H2AL03032
,N00007151,"Rohrabacher, Dana",R,CA46,H8CA42061
,N00002858,"Ros-Lehtinen, Ileana",R,FL18,H0FL18025
,N00004719,"Roskam, Peter",R,IL06,H6IL06117
,N00009571,"Ross, Mike",D,AR04,H0AR04038
,N00008619,"Rothman, Steven R",D,NJ09,H6NJ09165
,N00006671,"Roybal-Allard, Lucille",D,CA34,H2CA33048
,N00008264,"Royce, Ed",R,CA40,H6CA39020
,N00025482,"Ruppersberger, Dutch",D,MD02,H2MD02160
,N00004887,"Rush, Bobby L",D,IL01,H2IL01042
,N00004357,"Ryan, Paul",R,WI01,H8WI01024
,N00025280,"Ryan, Tim",D,OH17,H2OH17109
,N00026431,"Salazar, John",D,CO03,H4CO03167
,N00026892,"Salazar, Ken",D,COS1,S4CO00163
,N00027644,"Sali, Bill",R,ID01,H6ID01177
,N00024870,"Sanchez, Linda",D,CA39,H2CA39078
,N00008274,"Sanchez, Loretta",D,CA47,H6CA46033
,N00000528,"Sanders, Bernie",I,VTS1,S4VT00033
,N00027751,"Sarbanes, John",D,MD03,H6MD03292
,N00000834,"Saxton, Jim",R,NJ03,H4NJ13022
,N00009660,"Scalise, Steve",R,LA01,H0LA01087
,N00004724,"Schakowsky, Jan",D,IL09,H8IL09067
,N00009585,"Schiff, Adam",D,CA29,H0CA27085
,N00027526,"Schmidt, Jean",R,OH02,H6OH02086
,N00026106,"Schultz, Debbie Wasserman",D,FL20,H4FL20023
,N00001093,"Schumer, Charles E",D,NYS2,S8NY00082
,N00001579,"Schwartz, Allyson",D,PA13,H4PA13124
,N00002147,"Scott, Bobby",D,VA03,H6VA01117
,N00024871,"Scott, David",D,GA13,H2GA13012
,N00004291,"Sensenbrenner, Jim",R,WI05,H8WI09050
,N00001813,"Serrano, Jose E",D,NY16,H0NY18065
,N00003062,"Sessions, Jeff",R,ALS1,S6AL00195
,N00005681,"Sessions, Pete",R,TX32,H2TX03126
,N00028049,"Sestak, Joe",D,PA07,H6PA07105
,N00006425,"Shadegg, John",R,AZ03,H4AZ04016
,N00000652,"Shays, Christopher",R,CT04,H8CT04057
,N00028091,"Shea-Porter, Carol",D,NH01,H6NH01230
,N00009920,"Shelby, Richard C",R,ALS2,S6AL00013
,N00006897,"Sherman, Brad",D,CA27,H6CA24113
,N00004961,"Shimkus, John",R,IL19,H2IL20042
,N00027655,"Shuler, Heath",D,NC11,H6NC11172
,N00013770,"Shuster, Bill",R,PA09,H2PA09035
,N00006263,"Simpson, Mike",R,ID02,H8ID02064
,N00027523,"Sires, Albio",D,NJ13,H6NJ13191
,N00005105,"Skelton, Ike",D,MO04,H6MO04141
,N00001311,"Slaughter, Louise M",D,NY28,H6NY03031
,N00007833,"Smith, Adam",D,WA09,H6WA09025
,N00027623,"Smith, Adrian",R,NE03,H6NE03115
,N00009816,"Smith, Chris",R,NJ04,H8NJ04014
,N00007815,"Smith, Gordon H",R,ORS1,S6OR00094
,N00001811,"Smith, Lamar",R,TX21,H6TX21012
,N00000480,"Snowe, Olympia",R,MES1,S4ME00055
,N00008188,"Snyder, Vic",D,AR02,H6AR02203
,N00009586,"Solis, Hilda L",D,CA32,H0CA31087
,N00003844,"Souder, Mark E",R,IN03,H4IN04099
,N00027902,"Space, Zack",D,OH18,H6OH18157
,N00001604,"Specter, Arlen",R,PAS1,S6PA00100
,N00029649,"Speier, Jackie",D,CA12,H8CA12171
,N00002492,"Spratt, John M Jr",D,SC05,H2SC05052
,N00004118,"Stabenow, Debbie",D,MIS2,S8MI00281
,N00007397,"Stark, Pete",D,CA13,H6CA09023
,N00002782,"Stearns, Cliff",R,FL06,H8FL06056
,N00007997,"Stevens, Ted",R,AKS1,S2AK00010
,N00004196,"Stupak, Bart",D,MI01,H2MI01068
,N00013847,"Sullivan, John",R,OK01,H2OK01093
,N00000397,"Sununu, John E",R,NHS2,S0NH00201
,N00027901,"Sutton, Betty Sue",D,OH13,H6OH13133
,N00006103,"Tancredo, Tom",R,CO06,P80003429
,N00003254,"Tanner, John",D,TN08,H8TN08033
,N00007422,"Tauscher, Ellen",D,CA10,H6CA10088
,N00003350,"Taylor, Gene",D,MS04,H8MS05047
,N00005321,"Terry, Lee",R,NE02,H8NE02139
,N00027605,"Tester, Jon",D,MTS1,S6MT00162
,N00006246,"Thomas, Craig",R,WYS1,S4WY00055
,N00003288,"Thompson, Bennie G",D,MS02,H4MS02068
,N00007419,"Thompson, Mike",D,CA01,H8CA01109
,N00006052,"Thornberry, Mac",R,TX13,H4TX13014
,N00004572,"Thune, John",R,SDS1,S2SD00068
,N00008144,"Tiahrt, Todd",R,KS04,H4KS04087
,N00009699,"Tiberi, Pat",R,OH12,H0OH12062
,N00000226,"Tierney, John F",D,MA06,H4MA06033
,N00001082,"Towns, Edolphus",D,NY10,H2NY11017
,N00029026,"Tsongas, Niki",D,MA05,H8MA05143
,N00025175,"Turner, Michael R",R,OH03,H2OH03067
,N00008051,"Udall, Mark",D,CO02,S8CO00172
,N00006561,"Udall, Tom",D,NM03,S8NM00184
,N00004133,"Upton, Fred",R,MI06,H6MI04113
,N00013820,"Van Hollen, Chris",D,MD08,H2MD08126
,N00001102,"Velazquez, Nydia M",D,NY12,H2NY00010
,N00003813,"Visclosky, Pete",D,IN01,H4IN01012
,N00009659,"Vitter, David",R,LAS2,S4LA00057
,N00003583,"Voinovich, George V",R,OHS2,S8OH00011
,N00026368,"Walberg, Tim",R,MI07,H4MI07103
,N00007690,"Walden, Greg",R,OR02,H6OR02116
,N00001261,"Walsh, James T",R,NY25,H8NY27036
,N00027467,"Walz, Tim",D,MN01,H6MN01174
,N00003159,"Wamp, Zach",R,TN03,H2TN03052
,N00002061,"Warner, John W",R,VAS2,S8VA00107
,N00006690,"Waters, Maxine",D,CA35,H4CA23011
,N00013744,"Watson, Diane E",D,CA33,H2CA32099
,N00002328,"Watt, Melvin L",D,NC12,H2NC12021
,N00001861,"Waxman, Henry",D,CA30,H6CA24048
,N00028058,"Webb, Jim",D,VAS1,S6VA00127
,N00001110,"Weiner, Anthony D",D,NY09,H8NY09091
,N00000515,"Welch, Peter",D,VT01,H6VT00160
,N00002807,"Weldon, Dave",R,FL15,H4FL15114
,N00004745,"Weller, Jerry",R,IL11,H4IL11096
,N00026163,"Westmoreland, Lynn A",R,GA03,H4GA08067
,N00002905,"Wexler, Robert",D,FL19,H6FL19038
,N00027533,"Whitehouse, Sheldon",D,RIS1,S6RI00221
,N00003467,"Whitfield, Ed",R,KY01,H4KY01040
,N00003280,"Wicker, Roger",R,MSS2,S8MS00196
,N00003528,"Wilson, Charlie",D,OH06,H6OH06095
,N00006546,"Wilson, Heather A",R,NM01,S8NM00168
,N00024809,"Wilson, Joe",R,SC02,H2SC02059
,N00029459,"Wittman, Rob",R,VA01,H8VA01147
,N00002073,"Wolf, Frank",R,VA10,H6VA10050
,N00007458,"Woolsey, Lynn",D,CA06,H2CA01045
,N00009824,"Wu, David",D,OR01,H8OR01072
,N00007724,"Wyden, Ron",D,ORS2,S6OR00110
,N00001849,"Wynn, Albert R",D,MD04,H2MD05361
,N00028073,"Yarmuth, John A",D,KY03,H6KY03124
,N00001817,"Young, C W Bill",R,FL10,H6FL06035
,N00007999,"Young, Don",R,AK01,H6AK00045